Player,G,MP,FG%,3P%,eFG%,TRB,AST,STL,BLK,PTS,PER,TS%,WS,BPM,VORP,All-star
Bam Adebayo\adebaba01,56.0,32.6,0.557,0.0,0.557,10.1,3.4,1.4,0.8,19.1,21.8,0.608,7.2,3.8,2.7,no
Jarrett Allen\allenja01,56.0,32.3,0.677,0.1,0.678,10.8,1.6,0.8,1.3,16.1,23.0,0.698,8.5,3.9,2.7,no
Giannis Antetokounmpo\antetgi01,67.0,32.9,0.553,0.293,0.582,11.6,5.8,1.1,1.4,29.9,32.1,0.633,12.9,11.2,7.4,no
Cole Anthony\anthoco01,65.0,31.7,0.391,0.338,0.464,5.4,5.7,0.7,0.3,16.3,13.5,0.519,1.6,-1.2,0.4,no
OG Anunoby\anunoog01,48.0,36.0,0.443,0.363,0.526,5.5,2.6,1.5,0.5,17.1,14.8,0.549,3.7,0.5,1.1,no
Deandre Ayton\aytonde01,58.0,29.5,0.634,0.368,0.639,10.2,1.4,0.7,0.7,17.2,21.9,0.656,7.3,2.8,2.1,no
LaMelo Ball\ballla01,75.0,32.3,0.429,0.389,0.517,6.7,7.6,1.6,0.4,20.1,19.7,0.554,5.8,3.4,3.3,no
Lonzo Ball\balllo01,35.0,34.6,0.423,0.423,0.567,5.4,5.1,1.8,0.9,13.0,14.5,0.575,2.2,2.5,1.4,no
Desmond Bane\banede01,76.0,29.8,0.461,0.436,0.565,4.4,2.7,1.2,0.4,18.2,17.6,0.592,7.2,2.7,2.7,no
Harrison Barnes\barneha02,77.0,33.6,0.469,0.394,0.554,5.6,2.4,0.7,0.2,16.4,15.7,0.623,6.0,0.2,1.4,no
Scottie Barnes\barnesc01,74.0,35.4,0.492,0.301,0.524,7.5,3.5,1.1,0.7,15.3,16.3,0.552,6.6,0.9,1.9,no
RJ Barrett\barrerj01,70.0,34.5,0.408,0.342,0.466,5.8,3.0,0.6,0.2,20.0,13.7,0.511,2.3,-1.6,0.2,no
Will Barton\bartowi01,71.0,32.1,0.438,0.365,0.525,4.8,3.9,0.8,0.4,14.7,13.4,0.548,3.2,-0.5,0.9,no
Bradley Beal\bealbr01,40.0,36.0,0.451,0.3,0.492,4.7,6.6,0.9,0.4,23.2,17.5,0.539,1.4,0.8,1.0,no
Saddiq Bey\beysa01,82.0,33.0,0.396,0.346,0.489,5.4,2.8,0.9,0.2,16.1,14.0,0.529,4.0,-0.3,1.2,no
Bogdan Bogdanović\bogdabo01,63.0,29.3,0.431,0.368,0.537,4.0,3.1,1.1,0.2,15.1,15.4,0.562,3.7,1.3,1.5,no
Bojan Bogdanović\bogdabo02,69.0,30.9,0.455,0.387,0.552,4.3,1.7,0.5,0.0,18.1,15.7,0.599,5.2,0.0,1.1,no
Devin Booker\bookede01,68.0,34.5,0.466,0.383,0.53,5.0,4.8,1.1,0.4,26.8,21.3,0.576,7.6,4.1,3.6,no
Mikal Bridges\bridgmi01,82.0,34.8,0.534,0.369,0.601,4.2,2.3,1.2,0.4,14.2,14.4,0.627,8.9,1.6,2.6,no
Miles Bridges\bridgmi02,80.0,35.5,0.491,0.331,0.554,7.0,3.8,0.9,0.8,20.2,17.9,0.593,7.2,1.5,2.5,no
Malcolm Brogdon\brogdma01,36.0,33.5,0.448,0.312,0.501,5.1,5.9,0.8,0.4,19.1,18.0,0.557,2.7,2.3,1.3,no
Jaylen Brown\brownja02,66.0,33.6,0.473,0.358,0.541,6.1,3.5,1.1,0.3,23.6,18.9,0.574,5.8,2.1,2.2,no
Jalen Brunson\brunsja01,79.0,31.9,0.502,0.373,0.549,3.9,4.8,0.8,0.0,16.3,17.1,0.583,7.5,0.9,1.9,no
Jimmy Butler\butleji01,57.0,33.9,0.48,0.233,0.496,5.9,5.5,1.6,0.5,21.4,23.6,0.592,9.2,6.3,4.0,no
Kentavious Caldwell-Pope\caldwke01,77.0,30.2,0.435,0.39,0.531,3.4,1.9,1.1,0.3,13.2,12.6,0.568,2.8,-1.5,0.3,no
Wendell Carter Jr.\cartewe01,62.0,29.9,0.525,0.327,0.576,10.5,2.8,0.6,0.7,15.0,18.4,0.601,5.0,1.6,1.7,no
John Collins\collijo01,54.0,30.8,0.526,0.364,0.576,7.8,1.8,0.6,1.0,16.2,18.7,0.61,5.1,1.5,1.5,no
Cade Cunningham\cunnica01,64.0,32.6,0.416,0.314,0.471,5.5,5.6,1.2,0.7,17.4,13.1,0.504,-0.5,-1.6,0.2,no
Seth Curry\curryse01,64.0,33.4,0.487,0.422,0.594,3.1,3.6,0.8,0.2,15.0,13.7,0.615,4.2,-0.6,0.8,no
Stephen Curry\curryst01,64.0,34.5,0.437,0.38,0.554,5.2,6.3,1.3,0.4,25.5,21.4,0.601,8.0,5.8,4.4,no
Anthony Davis\davisan02,40.0,35.1,0.532,0.186,0.542,9.9,3.1,1.2,2.3,23.2,23.9,0.578,4.5,3.8,2.0,no
DeMar DeRozan\derozde01,76.0,36.1,0.504,0.352,0.521,5.2,4.9,0.9,0.3,27.9,23.1,0.59,8.8,2.5,3.1,no
Spencer Dinwiddie\dinwisp01,67.0,29.6,0.416,0.339,0.493,4.2,5.2,0.7,0.2,13.7,15.1,0.543,4.1,0.3,1.1,no
Luka Dončić\doncilu01,65.0,35.4,0.457,0.353,0.529,9.1,8.7,1.2,0.6,28.4,25.1,0.571,7.6,8.2,5.9,no
Luguentz Dort\dortlu01,51.0,32.6,0.404,0.332,0.493,4.2,1.7,0.9,0.4,17.2,12.3,0.541,1.4,-2.3,-0.1,no
Kevin Durant\duranke01,55.0,37.2,0.518,0.383,0.57,7.4,6.4,0.9,0.9,29.9,25.6,0.634,8.4,7.2,4.8,no
Anthony Edwards\edwaran01,72.0,34.3,0.441,0.357,0.527,4.8,3.8,1.5,0.6,21.3,16.5,0.56,4.3,1.2,2.0,no
Joel Embiid\embiijo01,68.0,33.8,0.499,0.371,0.534,11.7,4.2,1.1,1.5,30.6,31.2,0.616,12.0,9.2,6.5,no
Dorian Finney-Smith\finnedo01,80.0,33.1,0.471,0.395,0.595,4.7,1.9,1.1,0.5,11.0,12.5,0.604,6.6,0.8,1.9,no
Evan Fournier\fournev01,80.0,29.5,0.417,0.389,0.541,2.6,2.1,1.0,0.3,14.1,12.3,0.554,3.7,-0.7,0.7,no
De'Aaron Fox\foxde01,59.0,35.3,0.473,0.297,0.506,3.9,5.6,1.2,0.4,23.2,17.4,0.549,2.5,-0.6,0.7,no
Darius Garland\garlada01,68.0,35.7,0.462,0.383,0.536,3.3,8.6,1.3,0.1,21.7,19.0,0.576,6.3,2.6,2.8,no
Josh Giddey\giddejo01,54.0,31.5,0.419,0.263,0.461,7.8,6.4,0.9,0.4,12.5,13.3,0.478,0.4,-1.0,0.4,no
Shai Gilgeous-Alexander\gilgesh01,56.0,34.7,0.453,0.3,0.496,5.0,5.9,1.3,0.8,24.5,20.9,0.557,4.6,3.4,2.7,no
Rudy Gobert\goberru01,66.0,32.1,0.713,0.0,0.713,14.7,1.1,0.7,2.1,15.6,24.7,0.732,11.7,4.6,3.6,no
Aaron Gordon\gordoaa01,75.0,31.7,0.52,0.335,0.573,5.9,2.5,0.6,0.6,15.0,15.3,0.602,5.2,-0.6,0.9,no
Eric Gordon\gordoer01,57.0,29.3,0.475,0.412,0.585,2.0,2.7,0.5,0.3,13.4,12.1,0.614,1.4,-2.3,-0.1,no
Jerami Grant\grantje01,47.0,31.9,0.426,0.358,0.491,4.1,2.4,0.9,1.0,19.2,16.1,0.556,2.3,1.2,1.2,no
Draymond Green\greendr01,46.0,28.9,0.525,0.296,0.556,7.3,7.0,1.3,1.1,7.5,14.3,0.582,3.6,3.2,1.8,no
Jalen Green\greenja05,67.0,31.9,0.426,0.343,0.508,3.4,2.6,0.7,0.3,17.3,12.5,0.547,0.7,-2.9,-0.5,no
Tyrese Haliburton\halibty01,77.0,35.0,0.473,0.414,0.562,4.0,8.2,1.7,0.6,15.3,18.2,0.595,7.0,2.6,3.1,no
Tim Hardaway Jr.\hardati02,42.0,29.6,0.394,0.336,0.491,3.7,2.2,0.9,0.1,14.2,12.7,0.52,2.0,-0.2,0.6,no
James Harden\hardeja01,65.0,37.2,0.41,0.33,0.485,7.7,10.3,1.3,0.6,22.0,20.9,0.583,7.6,4.1,3.7,no
Tobias Harris\harrito02,73.0,34.8,0.482,0.367,0.532,6.8,3.5,0.6,0.6,17.2,15.9,0.566,5.6,0.0,1.3,no
Josh Hart\hartjo01,54.0,33.2,0.504,0.343,0.569,7.2,4.1,1.1,0.2,14.9,16.1,0.61,4.4,1.0,1.4,no
Gordon Hayward\haywago01,49.0,31.9,0.459,0.391,0.528,4.6,3.6,1.0,0.4,15.9,15.1,0.57,2.8,-0.7,0.5,no
Tyler Herro\herroty01,66.0,32.6,0.447,0.399,0.525,5.0,4.0,0.7,0.1,20.7,16.2,0.561,3.8,0.7,1.5,no
Buddy Hield\hieldbu01,81.0,30.9,0.406,0.366,0.526,4.4,2.8,0.9,0.3,15.6,12.9,0.548,1.9,-1.2,0.5,no
Jrue Holiday\holidjr01,67.0,32.9,0.501,0.411,0.57,4.5,6.8,1.6,0.4,18.3,19.8,0.593,6.9,3.2,2.9,no
Al Horford\horfoal01,69.0,29.1,0.467,0.336,0.546,7.7,3.4,0.7,1.3,10.2,16.7,0.574,7.6,4.3,3.2,no
Kevin Huerter\huertke01,74.0,29.6,0.454,0.389,0.559,3.4,2.7,0.7,0.4,12.1,11.9,0.57,2.8,-1.2,0.4,no
De'Andre Hunter\huntede01,53.0,29.8,0.442,0.379,0.506,3.3,1.3,0.7,0.4,13.4,10.6,0.547,1.1,-3.9,-0.8,no
Brandon Ingram\ingrabr01,55.0,34.0,0.461,0.327,0.498,5.8,5.6,0.6,0.5,22.7,18.7,0.554,3.9,2.0,1.9,no
Reggie Jackson\jacksre01,75.0,31.2,0.392,0.326,0.46,3.6,4.8,0.7,0.2,16.8,12.1,0.488,0.4,-2.9,-0.6,no
LeBron James\jamesle01,56.0,37.2,0.524,0.359,0.59,8.2,6.2,1.3,1.1,30.3,26.2,0.619,7.5,7.7,5.1,no
Keldon Johnson\johnske04,75.0,31.9,0.466,0.398,0.545,6.1,2.1,0.8,0.2,17.0,15.2,0.574,4.9,-0.5,0.9,no
Nikola Jokić\jokicni01,74.0,33.5,0.583,0.337,0.62,13.8,7.9,1.5,0.9,27.1,32.8,0.661,15.2,13.7,9.8,no
Herbert Jones\joneshe01,78.0,29.9,0.476,0.337,0.525,3.8,2.1,1.7,0.8,9.5,12.3,0.573,4.6,-0.5,0.9,no
Kyle Kuzma\kuzmaky01,66.0,33.4,0.452,0.341,0.52,8.5,3.5,0.6,0.9,17.1,15.2,0.547,2.0,-0.2,1.0,no
Zach LaVine\lavinza01,67.0,34.7,0.476,0.389,0.554,4.6,4.5,0.6,0.3,24.4,20.0,0.605,5.8,2.4,2.6,no
Caris LeVert\leverca01,58.0,30.7,0.444,0.32,0.492,3.7,4.3,0.9,0.4,17.0,15.1,0.525,2.2,-1.2,0.4,no
Kyle Lowry\lowryky01,63.0,33.9,0.44,0.377,0.555,4.5,7.5,1.1,0.3,13.4,15.0,0.6,6.4,1.9,2.1,no
Lauri Markkanen\markkla01,61.0,30.8,0.445,0.358,0.542,5.7,1.3,0.7,0.5,14.8,14.7,0.582,5.0,0.4,1.1,no
Tyrese Maxey\maxeyty01,75.0,35.3,0.485,0.427,0.552,3.2,4.3,0.7,0.4,17.5,16.2,0.594,7.3,0.6,1.8,no
CJ McCollum\mccolcj01,62.0,34.6,0.46,0.388,0.539,4.3,5.1,1.1,0.4,22.1,18.3,0.553,3.6,1.9,2.1,no
Khris Middleton\middlkh01,66.0,32.4,0.443,0.373,0.522,5.4,5.4,1.2,0.3,20.1,18.1,0.577,5.3,1.6,1.9,no
Patty Mills\millspa02,81.0,29.0,0.408,0.4,0.551,1.9,2.3,0.6,0.2,11.4,10.4,0.563,2.8,-1.7,0.2,no
Donovan Mitchell\mitchdo01,67.0,33.8,0.448,0.355,0.533,4.2,5.3,1.5,0.2,25.9,21.6,0.572,7.2,4.3,3.6,no
Evan Mobley\mobleev01,69.0,33.8,0.508,0.25,0.522,8.3,2.5,0.8,1.7,15.0,16.1,0.549,5.2,0.6,1.5,no
Ja Morant\moranja01,57.0,33.1,0.493,0.344,0.53,5.7,6.7,1.2,0.4,27.4,24.4,0.575,6.7,6.1,3.9,no
Marcus Morris\morrima03,54.0,29.0,0.434,0.367,0.507,4.4,2.1,0.5,0.3,15.4,13.7,0.549,2.4,-1.4,0.3,no
Monte Morris\morrimo01,75.0,29.9,0.484,0.395,0.564,3.0,4.4,0.7,0.2,12.6,14.7,0.583,5.4,0.0,1.1,no
Dejounte Murray\murrade01,68.0,34.8,0.462,0.327,0.5,8.3,9.2,2.0,0.3,21.1,22.3,0.533,7.3,5.4,4.4,no
Royce O'Neale\onealro01,77.0,31.2,0.457,0.389,0.591,4.8,2.5,1.1,0.4,7.4,10.3,0.608,5.5,0.8,1.7,no
Isaac Okoro\okorois01,67.0,29.6,0.48,0.35,0.544,3.0,1.8,0.8,0.3,8.8,10.4,0.589,4.2,-1.7,0.1,no
Chris Paul\paulch01,65.0,32.9,0.493,0.317,0.536,4.4,10.8,1.9,0.3,14.7,20.8,0.581,9.4,5.4,4.0,no
Jakob Poeltl\poeltja01,68.0,29.0,0.618,1.0,0.619,9.3,2.8,0.7,1.7,13.5,20.8,0.613,6.9,1.6,1.7,no
Jordan Poole\poolejo01,76.0,30.0,0.448,0.364,0.548,3.4,4.0,0.8,0.3,18.5,16.1,0.598,6.0,1.0,1.7,no
Kevin Porter Jr.\porteke02,61.0,31.3,0.415,0.375,0.511,4.4,6.2,1.1,0.4,15.6,13.5,0.531,0.8,-1.6,0.2,no
Kristaps Porziņģis\porzikr01,51.0,29.0,0.459,0.31,0.51,8.1,2.3,0.7,1.6,20.2,23.7,0.577,5.6,3.9,2.2,no
Norman Powell\powelno01,45.0,32.4,0.461,0.419,0.549,3.2,2.1,0.9,0.5,19.0,16.3,0.603,2.8,-0.3,0.6,no
Julius Randle\randlju01,72.0,35.3,0.411,0.308,0.459,9.9,5.1,0.7,0.5,20.1,15.7,0.509,3.1,0.5,1.6,no
Terry Rozier\roziete01,73.0,33.7,0.444,0.374,0.539,4.3,4.5,1.3,0.3,19.3,17.6,0.566,5.9,1.7,2.3,no
D'Angelo Russell\russeda01,65.0,32.0,0.411,0.34,0.502,3.3,7.1,1.0,0.3,18.1,16.3,0.544,4.4,0.8,1.4,no
Domantas Sabonis\sabondo01,62.0,34.5,0.573,0.312,0.598,12.1,5.2,1.0,0.4,18.9,21.9,0.637,7.1,4.1,3.2,no
Pascal Siakam\siakapa01,68.0,37.9,0.494,0.344,0.525,8.5,5.3,1.3,0.6,22.8,20.3,0.565,8.1,3.5,3.6,no
Anfernee Simons\simonan01,57.0,29.5,0.443,0.405,0.555,2.6,3.9,0.5,0.1,17.3,15.3,0.583,1.9,-0.7,0.5,no
Marcus Smart\smartma01,71.0,32.3,0.418,0.331,0.501,3.8,5.9,1.7,0.3,12.1,13.6,0.54,5.6,0.5,1.5,no
Jayson Tatum\tatumja01,76.0,35.9,0.453,0.353,0.526,8.0,4.4,1.0,0.6,26.9,21.8,0.578,9.6,4.9,4.8,no
Karl-Anthony Towns\townska01,74.0,33.5,0.529,0.41,0.591,9.8,3.6,1.0,1.1,24.6,24.1,0.64,10.3,5.0,4.4,no
Gary Trent Jr.\trentga02,70.0,35.0,0.414,0.383,0.511,2.7,2.0,1.7,0.3,18.3,14.7,0.546,5.6,0.2,1.3,no
Myles Turner\turnemy01,42.0,29.4,0.509,0.333,0.587,7.1,1.0,0.7,2.8,12.9,17.4,0.615,3.1,1.4,1.1,no
Jonas Valančiūnas\valanjo01,74.0,30.3,0.544,0.361,0.574,11.4,2.6,0.6,0.8,17.8,21.2,0.617,7.3,1.9,2.2,no
Fred VanVleet\vanvlfr01,65.0,37.9,0.403,0.377,0.513,4.4,6.7,1.7,0.5,20.3,17.3,0.552,6.7,3.6,3.5,no
Nikola Vučević\vucevni01,73.0,33.1,0.473,0.314,0.518,11.0,3.2,1.0,1.0,17.6,18.2,0.533,4.5,0.9,1.8,no
Franz Wagner\wagnefr01,79.0,30.7,0.468,0.354,0.517,4.5,2.9,0.9,0.4,15.2,14.7,0.559,4.0,-0.7,0.8,no
Russell Westbrook\westbru01,78.0,34.3,0.444,0.298,0.476,7.4,7.1,1.0,0.3,18.5,15.0,0.512,1.7,-1.6,0.2,no
Derrick White\whitede01,75.0,29.3,0.421,0.312,0.493,3.5,4.9,0.9,0.8,13.2,14.8,0.549,5.1,0.9,1.6,no
Andrew Wiggins\wiggian01,73.0,31.9,0.466,0.393,0.543,4.5,2.2,1.0,0.7,17.2,15.0,0.56,5.1,0.4,1.4,no
Robert Williams\williro04,61.0,29.6,0.736,0.0,0.736,9.6,2.0,0.9,2.2,10.0,22.1,0.745,9.9,5.5,3.4,no
Christian Wood\woodch01,68.0,30.8,0.501,0.39,0.576,10.1,2.3,0.8,1.0,17.9,19.1,0.595,4.9,1.6,1.9,no
Trae Young\youngtr01,76.0,34.9,0.46,0.382,0.536,3.7,9.7,0.9,0.1,28.4,25.4,0.603,10.0,5.2,4.8,no
Bam Adebayo\adebaba01,64.0,33.5,0.57,0.25,0.571,9.0,5.4,1.2,1.0,18.7,22.7,0.626,8.8,4.9,3.7,no
Jarrett Allen\allenja01,63.0,29.6,0.618,0.316,0.624,10.0,1.7,0.5,1.4,12.8,20.1,0.661,6.4,1.1,1.4,no
Giannis Antetokounmpo\antetgi01,61.0,33.0,0.569,0.303,0.6,11.0,5.9,1.2,1.2,28.1,29.2,0.633,10.2,9.0,5.6,no
OG Anunoby\anunoog01,43.0,33.3,0.48,0.398,0.58,5.5,2.2,1.5,0.7,15.9,15.4,0.605,3.1,1.2,1.2,no
Deandre Ayton\aytonde01,69.0,30.7,0.626,0.2,0.629,10.5,1.4,0.6,1.2,14.4,20.3,0.653,8.4,1.2,1.7,no
Lonzo Ball\balllo01,55.0,31.8,0.414,0.378,0.537,4.8,5.7,1.5,0.6,14.6,15.2,0.551,3.2,1.7,1.6,no
Harrison Barnes\barneha02,58.0,36.2,0.497,0.391,0.575,6.6,3.5,0.7,0.2,16.1,15.4,0.626,4.5,0.2,1.1,no
RJ Barrett\barrerj01,72.0,34.9,0.441,0.401,0.499,5.8,3.0,0.7,0.3,17.6,13.4,0.535,4.1,-1.2,0.5,no
Will Barton\bartowi01,56.0,31.0,0.426,0.381,0.507,4.0,3.2,0.9,0.4,12.7,11.8,0.538,2.2,-1.9,0.1,no
Darius Bazley\bazleda01,55.0,31.2,0.396,0.29,0.456,7.2,1.8,0.5,0.5,13.7,9.7,0.491,-0.9,-4.4,-1.0,no
Bradley Beal\bealbr01,60.0,35.8,0.485,0.349,0.532,4.7,4.4,1.2,0.4,31.3,22.7,0.593,5.9,3.4,2.9,no
Malik Beasley\beaslma01,37.0,32.8,0.44,0.399,0.547,4.4,2.4,0.8,0.2,19.6,14.6,0.57,1.3,-0.2,0.6,no
Eric Bledsoe\bledser01,71.0,29.7,0.421,0.341,0.503,3.4,3.8,0.8,0.3,12.2,11.5,0.533,2.3,-2.0,0.0,no
Bogdan Bogdanović\bogdabo01,44.0,29.7,0.473,0.438,0.602,3.6,3.3,1.1,0.3,16.4,17.6,0.616,3.9,3.6,1.8,no
Bojan Bogdanović\bogdabo02,72.0,30.8,0.439,0.39,0.536,3.9,1.9,0.6,0.1,17.0,14.0,0.588,5.2,-0.4,0.9,no
Devin Booker\bookede01,67.0,33.9,0.484,0.34,0.533,4.2,4.3,0.8,0.2,25.6,19.2,0.587,4.9,0.3,1.3,no
Mikal Bridges\bridgmi01,72.0,32.6,0.543,0.425,0.643,4.3,2.1,1.1,0.9,13.5,16.4,0.667,8.0,3.3,3.1,no
Miles Bridges\bridgmi02,66.0,29.3,0.503,0.4,0.596,6.0,2.2,0.7,0.8,12.7,14.7,0.625,4.2,0.2,1.1,no
Malcolm Brogdon\brogdma01,56.0,34.5,0.453,0.388,0.527,5.3,5.9,0.9,0.3,21.2,17.9,0.561,4.2,2.1,2.0,no
Dillon Brooks\brookdi01,67.0,29.8,0.419,0.344,0.481,2.9,2.3,1.2,0.4,17.2,12.1,0.515,1.4,-3.7,-0.9,no
Jaylen Brown\brownja02,58.0,34.5,0.484,0.397,0.558,6.0,3.4,1.2,0.6,24.7,19.9,0.586,4.8,2.5,2.3,no
Reggie Bullock\bullore01,65.0,30.0,0.442,0.41,0.587,3.4,1.5,0.8,0.2,10.9,11.1,0.606,4.6,-0.1,0.9,no
Jimmy Butler\butleji01,52.0,33.6,0.497,0.245,0.514,6.9,7.1,2.1,0.3,21.5,26.5,0.607,9.3,7.7,4.3,no
Clint Capela\capelca01,63.0,30.1,0.594,,0.594,14.3,0.8,0.7,2.0,15.2,24.3,0.601,8.2,2.7,2.2,no
John Collins\collijo01,63.0,29.3,0.556,0.399,0.61,7.4,1.2,0.5,1.0,17.6,20.6,0.645,6.7,2.3,2.0,no
Mike Conley\conlemi01,51.0,29.4,0.444,0.412,0.552,3.5,6.0,1.4,0.2,16.2,19.2,0.589,6.1,4.9,2.6,no
Robert Covington\covinro01,70.0,32.0,0.401,0.379,0.533,6.7,1.7,1.4,1.2,8.5,11.2,0.553,3.7,0.2,1.2,no
Stephen Curry\curryst01,63.0,34.2,0.482,0.421,0.605,5.5,5.8,1.2,0.1,32.0,26.3,0.655,9.0,8.7,5.8,no
Anthony Davis\davisan02,36.0,32.3,0.491,0.26,0.512,7.9,3.1,1.3,1.6,21.8,22.1,0.556,3.7,4.8,2.0,no
DeMar DeRozan\derozde01,61.0,33.7,0.495,0.257,0.505,4.2,6.9,0.9,0.2,21.6,22.0,0.591,7.4,3.1,2.6,no
Luka Dončić\doncilu01,66.0,34.3,0.479,0.35,0.55,8.0,8.6,1.0,0.5,27.7,25.3,0.587,7.7,6.8,5.1,no
Luguentz Dort\dortlu01,52.0,29.7,0.387,0.343,0.475,3.6,1.7,0.9,0.4,14.0,10.1,0.513,0.3,-3.5,-0.6,no
Kevin Durant\duranke01,35.0,33.1,0.537,0.45,0.608,7.1,5.6,0.7,1.3,26.9,26.4,0.666,5.0,7.2,2.7,no
Anthony Edwards\edwaran01,72.0,32.1,0.417,0.329,0.488,4.7,2.9,1.1,0.5,19.3,13.9,0.523,0.8,-2.1,-0.1,no
Joel Embiid\embiijo01,51.0,31.1,0.513,0.377,0.545,10.6,2.8,1.0,1.4,28.5,30.3,0.636,8.8,7.5,3.8,no
Dorian Finney-Smith\finnedo01,60.0,32.0,0.472,0.394,0.6,5.4,1.7,0.9,0.4,9.8,12.0,0.609,4.4,0.1,1.0,no
Evan Fournier\fournev01,42.0,30.0,0.457,0.413,0.565,3.0,3.4,1.1,0.5,17.1,16.7,0.598,2.8,1.1,1.0,no
De'Aaron Fox\foxde01,58.0,35.1,0.477,0.322,0.523,3.5,7.2,1.5,0.5,25.2,20.7,0.565,4.2,1.8,2.0,no
Darius Garland\garlada01,54.0,33.1,0.451,0.395,0.517,2.4,6.1,1.2,0.1,17.4,14.2,0.547,1.2,-2.1,-0.1,no
Paul George\georgpa01,54.0,33.7,0.467,0.411,0.557,6.6,5.2,1.1,0.4,23.3,20.5,0.598,5.3,4.2,2.9,no
Shai Gilgeous-Alexander\gilgesh01,35.0,33.7,0.508,0.418,0.571,4.7,5.9,0.8,0.7,23.7,21.6,0.623,3.5,4.1,1.8,no
Rudy Gobert\goberru01,71.0,30.8,0.675,0.0,0.675,13.5,1.3,0.6,2.7,14.3,23.5,0.683,11.3,4.9,3.8,no
Devonte' Graham\grahade01,55.0,30.2,0.377,0.375,0.51,2.7,5.4,0.9,0.1,14.8,14.6,0.552,3.4,0.7,1.1,no
Jerami Grant\grantje01,54.0,33.9,0.429,0.35,0.491,4.6,2.8,0.6,1.1,22.3,16.9,0.556,3.2,1.1,1.4,no
Draymond Green\greendr01,63.0,31.5,0.447,0.27,0.492,7.1,8.9,1.7,0.8,7.0,13.3,0.53,4.6,1.7,1.9,no
Rui Hachimura\hachiru01,57.0,31.5,0.478,0.328,0.513,5.5,1.4,0.8,0.1,13.8,11.4,0.549,2.1,-3.1,-0.5,no
Tyrese Haliburton\halibty01,58.0,30.1,0.472,0.409,0.569,3.0,5.3,1.3,0.5,13.0,16.2,0.585,3.5,1.4,1.5,no
James Harden\hardeja01,44.0,36.6,0.466,0.362,0.548,7.9,10.8,1.2,0.8,24.6,24.5,0.618,7.0,7.2,3.7,no
Joe Harris\harrijo01,69.0,31.0,0.505,0.475,0.654,3.6,1.9,0.7,0.2,14.1,14.1,0.663,5.2,0.4,1.3,no
Tobias Harris\harrito02,62.0,32.5,0.512,0.394,0.556,6.8,3.5,0.9,0.8,19.5,20.0,0.597,7.1,3.7,2.9,no
Gordon Hayward\haywago01,44.0,34.0,0.473,0.415,0.537,5.9,4.1,1.2,0.3,19.6,17.6,0.584,3.5,1.6,1.4,no
Tyler Herro\herroty01,54.0,30.3,0.439,0.36,0.516,5.0,3.4,0.6,0.3,15.1,13.3,0.543,1.7,-1.3,0.3,no
Buddy Hield\hieldbu01,71.0,34.3,0.406,0.391,0.548,4.7,3.6,0.9,0.4,16.6,12.8,0.567,2.2,-0.6,0.9,no
Jrue Holiday\holidjr01,59.0,32.3,0.503,0.392,0.57,4.5,6.1,1.6,0.6,17.7,20.0,0.592,6.6,3.4,2.6,no
Justin Holiday\holidju01,72.0,30.3,0.413,0.382,0.551,3.6,1.7,1.0,0.6,10.5,10.4,0.571,3.1,-1.0,0.6,no
Richaun Holmes\holmeri01,61.0,29.2,0.637,0.182,0.638,8.3,1.7,0.6,1.6,14.2,20.2,0.669,6.1,0.6,1.2,no
Kevin Huerter\huertke01,69.0,30.8,0.432,0.363,0.528,3.3,3.5,1.2,0.3,11.9,12.2,0.541,3.6,-0.3,1.0,no
Brandon Ingram\ingrabr01,61.0,34.3,0.466,0.381,0.531,4.9,4.9,0.7,0.6,23.8,19.2,0.584,5.3,2.2,2.2,no
Kyrie Irving\irvinky01,54.0,34.9,0.506,0.402,0.576,4.8,6.0,1.4,0.7,26.9,24.4,0.614,7.4,5.5,3.6,no
LeBron James\jamesle01,45.0,33.4,0.513,0.365,0.576,7.7,7.8,1.1,0.6,25.0,24.2,0.602,5.6,8.1,3.8,no
Nikola Jokić\jokicni01,72.0,34.6,0.566,0.388,0.602,10.8,8.3,1.3,0.7,26.4,31.3,0.647,15.6,12.1,8.8,no
Zach LaVine\lavinza01,58.0,35.1,0.507,0.419,0.596,5.0,4.9,0.8,0.5,27.4,21.5,0.634,5.9,4.0,3.1,no
Kawhi Leonard\leonaka01,52.0,34.1,0.512,0.398,0.568,6.5,5.2,1.6,0.4,24.8,26.0,0.622,8.8,7.3,4.2,no
Caris LeVert\leverca01,47.0,31.6,0.441,0.326,0.493,4.6,5.2,1.4,0.6,20.2,17.8,0.531,2.4,0.4,0.9,no
Damian Lillard\lillada01,67.0,35.8,0.451,0.391,0.554,4.2,7.5,0.9,0.3,28.8,25.6,0.623,10.4,6.3,5.0,no
Kyle Lowry\lowryky01,46.0,34.8,0.436,0.396,0.546,5.4,7.3,1.0,0.3,17.2,16.5,0.593,4.1,1.6,1.5,no
CJ McCollum\mccolcj01,47.0,34.0,0.458,0.402,0.554,3.9,4.7,0.9,0.4,23.1,20.8,0.577,4.7,3.9,2.4,no
Khris Middleton\middlkh01,68.0,33.4,0.476,0.414,0.546,6.0,5.4,1.1,0.1,20.4,18.2,0.588,6.4,1.3,1.9,no
Donovan Mitchell\mitchdo01,53.0,33.4,0.438,0.386,0.52,4.4,5.2,1.0,0.3,26.4,21.3,0.569,6.2,4.3,2.8,no
Ja Morant\moranja01,63.0,32.6,0.449,0.303,0.487,4.0,7.4,0.9,0.2,19.1,16.7,0.537,3.2,-0.4,0.8,no
Dejounte Murray\murrade01,67.0,31.9,0.453,0.317,0.485,7.1,5.4,1.5,0.1,15.7,16.5,0.509,3.3,0.8,1.5,no
Jamal Murray\murraja01,48.0,35.5,0.477,0.408,0.559,4.0,4.8,1.3,0.3,21.2,18.3,0.592,4.6,2.0,1.7,no
Larry Nance Jr.\nancela02,35.0,31.2,0.471,0.36,0.546,6.7,3.1,1.7,0.5,9.3,13.2,0.557,1.8,0.4,0.7,no
Kendrick Nunn\nunnke01,56.0,29.5,0.485,0.381,0.578,3.2,2.6,0.9,0.3,14.6,14.2,0.596,2.9,-0.5,0.6,no
Royce O'Neale\onealro01,71.0,31.6,0.444,0.385,0.58,6.8,2.5,0.8,0.5,7.0,9.9,0.599,5.6,1.0,1.7,no
Isaac Okoro\okorois01,67.0,32.4,0.42,0.29,0.476,3.1,1.9,0.9,0.4,9.6,7.9,0.514,0.9,-5.1,-1.7,no
Kelly Oubre Jr.\oubreke01,55.0,30.7,0.439,0.316,0.501,6.0,1.3,1.0,0.8,15.4,13.3,0.529,2.2,-1.9,0.0,no
Chris Paul\paulch01,70.0,31.4,0.499,0.395,0.557,4.5,8.9,1.4,0.3,16.4,21.4,0.599,9.2,4.6,3.6,no
Michael Porter Jr.\portemi01,61.0,31.3,0.542,0.445,0.646,7.3,1.1,0.7,0.9,19.0,20.6,0.663,6.9,3.1,2.5,no
Kristaps Porziņģis\porzikr01,43.0,30.9,0.476,0.376,0.547,8.9,1.6,0.5,1.3,20.1,21.3,0.582,4.3,2.2,1.4,no
Norman Powell\powelno01,69.0,32.0,0.477,0.411,0.57,3.1,1.9,1.2,0.3,18.6,16.2,0.618,4.7,0.4,1.3,no
Julius Randle\randlju01,71.0,37.6,0.456,0.411,0.516,10.2,6.0,0.9,0.3,24.1,19.7,0.567,7.8,3.8,3.9,no
Josh Richardson\richajo01,59.0,30.3,0.427,0.33,0.498,3.3,2.6,1.0,0.4,12.1,11.9,0.537,2.4,-1.7,0.1,no
Duncan Robinson\robindu01,72.0,31.4,0.439,0.408,0.614,3.5,1.8,0.6,0.3,13.1,11.0,0.628,3.7,-1.0,0.6,no
Terrence Ross\rosste01,46.0,29.3,0.412,0.337,0.485,3.4,2.3,1.0,0.5,15.6,13.2,0.53,0.9,-2.3,-0.1,no
Terry Rozier\roziete01,69.0,34.5,0.45,0.389,0.548,4.4,4.2,1.3,0.4,20.4,17.1,0.575,5.2,1.6,2.2,no
Domantas Sabonis\sabondo01,62.0,36.0,0.535,0.321,0.564,12.0,6.7,1.2,0.5,20.3,20.6,0.601,6.9,3.8,3.3,no
Dennis Schröder\schrode01,61.0,32.1,0.437,0.335,0.484,3.5,5.8,1.1,0.2,15.4,13.8,0.543,3.8,-1.2,0.4,no
Collin Sexton\sextoco01,60.0,35.3,0.475,0.371,0.519,3.1,4.4,1.0,0.2,24.3,18.0,0.573,3.5,-0.2,1.0,no
Pascal Siakam\siakapa01,56.0,35.8,0.455,0.297,0.493,7.2,4.5,1.1,0.7,21.4,17.7,0.547,4.2,0.8,1.4,no
Ben Simmons\simmobe01,58.0,32.4,0.557,0.3,0.56,7.2,6.9,1.6,0.6,14.3,18.3,0.584,6.0,2.9,2.3,no
Marcus Smart\smartma01,48.0,32.9,0.398,0.33,0.489,3.5,5.7,1.5,0.5,13.1,13.8,0.539,3.3,-0.3,0.7,no
Jae'Sean Tate\tateja01,70.0,29.2,0.506,0.308,0.554,5.3,2.5,1.2,0.5,11.3,13.8,0.576,3.8,-1.4,0.3,no
Jayson Tatum\tatumja01,64.0,35.8,0.459,0.386,0.53,7.4,4.3,1.2,0.5,26.4,21.3,0.576,6.5,3.9,3.4,no
Karl-Anthony Towns\townska01,50.0,33.8,0.486,0.387,0.555,10.6,4.5,0.8,1.1,24.8,23.1,0.612,5.4,4.5,2.8,no
Gary Trent Jr.\trentga02,58.0,31.1,0.408,0.385,0.513,2.6,1.4,1.0,0.2,15.3,12.1,0.534,1.7,-2.3,-0.1,no
Myles Turner\turnemy01,47.0,31.0,0.477,0.335,0.557,6.5,1.0,0.9,3.4,12.6,15.3,0.599,3.3,0.4,0.9,no
Fred VanVleet\vanvlfr01,52.0,36.5,0.389,0.366,0.489,4.2,6.3,1.7,0.7,19.6,16.8,0.534,4.3,2.5,2.2,no
Nikola Vučević\vucevni01,70.0,33.5,0.477,0.4,0.54,11.7,3.8,0.9,0.7,23.4,22.9,0.56,6.3,5.3,4.4,no
Kemba Walker\walkeke02,43.0,31.8,0.42,0.36,0.514,4.0,4.9,1.1,0.3,19.3,17.7,0.559,3.3,2.1,1.4,no
John Wall\walljo01,40.0,32.2,0.404,0.317,0.458,3.2,6.9,1.1,0.8,20.6,15.4,0.503,-0.2,-0.7,0.4,no
P.J. Washington\washipj01,64.0,30.5,0.44,0.386,0.522,6.5,2.5,1.1,1.2,12.9,13.4,0.549,2.7,-0.9,0.6,no
Russell Westbrook\westbru01,65.0,36.4,0.439,0.315,0.474,11.5,11.7,1.4,0.4,22.2,19.5,0.509,3.7,3.7,3.4,no
Coby White\whiteco01,69.0,31.2,0.416,0.359,0.506,4.1,4.8,0.6,0.2,15.1,12.0,0.54,2.4,-2.4,-0.2,no
Derrick White\whitede01,36.0,29.6,0.411,0.346,0.503,3.0,3.5,0.7,1.0,15.4,15.0,0.55,1.9,1.3,0.9,no
Andrew Wiggins\wiggian01,71.0,33.3,0.477,0.38,0.543,4.9,2.4,0.9,1.0,18.6,15.0,0.568,3.9,-0.4,1.0,no
Zion Williamson\willizi01,61.0,33.2,0.611,0.294,0.616,7.2,3.7,0.9,0.6,27.0,27.1,0.649,8.7,5.8,4.0,no
Christian Wood\woodch01,41.0,32.3,0.514,0.374,0.574,9.6,1.7,0.8,1.2,21.0,20.0,0.591,2.8,1.4,1.1,no
Trae Young\youngtr01,63.0,33.7,0.438,0.343,0.499,3.9,9.4,0.8,0.2,25.3,23.0,0.589,7.2,3.7,3.0,no
Bam Adebayo\adebaba01,72.0,33.6,0.557,0.143,0.558,10.2,5.1,1.1,1.3,15.9,20.3,0.598,8.5,3.4,3.3,no
LaMarcus Aldridge\aldrila01,53.0,33.1,0.493,0.389,0.532,7.4,2.4,0.7,1.6,18.9,19.7,0.571,4.5,1.4,1.5,no
Giannis Antetokounmpo\antetgi01,63.0,30.4,0.553,0.304,0.589,13.6,5.6,1.0,1.0,29.5,31.9,0.613,11.1,11.5,6.6,no
Carmelo Anthony\anthoca01,58.0,32.8,0.43,0.385,0.485,6.3,1.5,0.8,0.5,15.4,12.4,0.525,1.3,-3.6,-0.8,no
OG Anunoby\anunoog01,69.0,29.9,0.505,0.39,0.584,5.3,1.6,1.4,0.7,10.6,13.2,0.6,5.7,1.2,1.7,no
Deandre Ayton\aytonde01,38.0,32.5,0.546,0.231,0.548,11.5,1.9,0.7,1.5,18.2,20.0,0.568,3.1,0.4,0.7,no
Lonzo Ball\balllo01,63.0,32.1,0.403,0.375,0.511,6.1,7.0,1.4,0.6,11.8,13.1,0.517,2.4,0.6,1.3,no
Harrison Barnes\barneha02,72.0,34.5,0.46,0.381,0.525,4.9,2.2,0.6,0.2,14.5,13.3,0.574,4.6,-1.3,0.5,no
RJ Barrett\barrerj01,56.0,30.4,0.402,0.32,0.445,5.0,2.6,1.0,0.3,14.3,10.7,0.479,-0.5,-4.3,-1.0,no
Will Barton\bartowi01,58.0,33.0,0.45,0.375,0.523,6.3,3.7,1.1,0.5,15.1,15.6,0.549,4.2,1.1,1.5,no
Bradley Beal\bealbr01,57.0,36.0,0.455,0.353,0.52,4.2,6.1,1.2,0.4,30.5,23.2,0.579,5.1,2.9,2.5,no
Dāvis Bertāns\bertada01,54.0,29.3,0.434,0.424,0.598,4.5,1.7,0.7,0.6,15.4,15.5,0.628,3.5,0.9,1.1,no
Bogdan Bogdanović\bogdabo01,61.0,29.0,0.44,0.372,0.547,3.4,3.4,1.0,0.2,15.1,15.2,0.565,3.1,0.6,1.2,no
Bojan Bogdanović\bogdabo02,63.0,33.1,0.447,0.414,0.548,4.1,2.1,0.5,0.1,20.2,15.6,0.603,4.2,0.1,1.1,no
Devin Booker\bookede01,70.0,35.9,0.489,0.354,0.544,4.2,6.5,0.7,0.3,26.6,20.6,0.618,7.5,2.2,2.6,no
Miles Bridges\bridgmi02,65.0,30.7,0.424,0.33,0.489,5.6,1.8,0.6,0.7,13.0,12.1,0.52,1.6,-2.5,-0.3,no
Malcolm Brogdon\brogdma01,54.0,30.9,0.438,0.326,0.489,4.9,7.1,0.6,0.2,16.5,17.7,0.541,4.0,1.8,1.6,no
Dillon Brooks\brookdi01,73.0,28.9,0.407,0.358,0.476,3.3,2.1,0.9,0.4,16.2,11.3,0.51,1.2,-4.1,-1.1,no
Jaylen Brown\brownja02,57.0,33.9,0.481,0.382,0.554,6.4,2.1,1.1,0.4,20.3,16.9,0.583,4.9,0.8,1.4,no
Jimmy Butler\butleji01,58.0,33.8,0.455,0.244,0.474,6.7,6.0,1.8,0.6,19.9,23.6,0.585,9.0,5.4,3.7,no
Clint Capela\capelca01,39.0,32.8,0.629,,0.629,13.8,1.2,0.8,1.8,13.9,20.6,0.626,4.9,1.4,1.1,no
Wendell Carter Jr.\cartewe01,43.0,29.2,0.534,0.207,0.542,9.4,1.2,0.8,0.8,11.3,15.5,0.59,3.3,-2.4,-0.1,no
John Collins\collijo01,41.0,33.2,0.583,0.401,0.632,10.1,1.5,0.8,1.6,21.6,23.5,0.659,4.9,3.1,1.7,no
Mike Conley\conlemi01,47.0,29.0,0.409,0.375,0.494,3.2,4.4,0.8,0.1,14.4,14.1,0.537,2.5,0.3,0.8,no
Robert Covington\covinro01,70.0,30.5,0.422,0.335,0.533,6.6,1.3,1.6,1.3,12.4,13.3,0.559,3.7,0.0,1.1,no
Anthony Davis\davisan02,62.0,34.4,0.503,0.33,0.536,9.3,3.2,1.5,2.3,26.1,27.4,0.61,11.1,8.0,5.4,no
DeMar DeRozan\derozde01,68.0,34.1,0.531,0.257,0.535,5.5,5.6,1.0,0.3,22.1,21.6,0.603,7.3,1.9,2.3,no
Spencer Dinwiddie\dinwisp01,64.0,31.2,0.415,0.308,0.476,3.5,6.8,0.6,0.3,20.6,17.8,0.541,4.8,1.8,1.9,no
Luka Dončić\doncilu01,61.0,33.6,0.463,0.316,0.531,9.4,8.8,1.0,0.2,28.8,27.6,0.585,8.8,8.4,5.4,no
Andre Drummond\drumman01,57.0,33.0,0.533,0.143,0.536,15.2,2.7,1.9,1.6,17.7,22.0,0.553,4.2,0.9,1.4,no
Joel Embiid\embiijo01,51.0,29.5,0.477,0.331,0.512,11.6,3.0,0.9,1.3,23.0,25.8,0.59,6.0,4.7,2.5,no
Dorian Finney-Smith\finnedo01,71.0,29.9,0.466,0.376,0.575,5.7,1.6,0.6,0.5,9.5,12.3,0.595,4.9,-0.2,0.9,no
Evan Fournier\fournev01,66.0,31.5,0.467,0.399,0.56,2.6,3.2,1.1,0.2,18.5,16.4,0.595,4.6,1.0,1.6,no
De'Aaron Fox\foxde01,51.0,32.0,0.48,0.292,0.513,3.8,6.8,1.5,0.5,21.1,20.6,0.558,4.0,1.8,1.6,no
Danilo Gallinari\gallida01,62.0,29.6,0.438,0.405,0.547,5.2,1.9,0.7,0.1,18.7,19.5,0.612,6.3,3.3,2.4,no
Darius Garland\garlada01,59.0,30.9,0.401,0.355,0.476,1.9,3.9,0.7,0.1,12.3,8.5,0.498,-1.3,-5.5,-1.7,no
Paul George\georgpa01,48.0,29.6,0.439,0.412,0.539,5.7,3.9,1.4,0.4,21.5,21.1,0.589,4.8,4.9,2.5,no
Shai Gilgeous-Alexander\gilgesh01,70.0,34.7,0.471,0.347,0.514,5.9,3.3,1.1,0.7,19.0,17.7,0.568,6.1,1.7,2.2,no
Rudy Gobert\goberru01,68.0,34.3,0.693,,0.693,13.5,1.5,0.8,2.0,15.1,21.7,0.699,10.7,3.6,3.3,no
Aaron Gordon\gordoaa01,62.0,32.5,0.437,0.308,0.484,7.7,3.7,0.8,0.6,14.4,15.1,0.516,3.7,0.0,1.0,no
Devonte' Graham\grahade01,63.0,35.1,0.382,0.373,0.495,3.4,7.5,1.0,0.2,18.2,15.8,0.537,3.4,0.5,1.4,no
Rui Hachimura\hachiru01,48.0,30.1,0.466,0.287,0.489,6.1,1.8,0.8,0.2,13.5,13.5,0.535,1.8,-3.2,-0.4,no
Tim Hardaway Jr.\hardati02,71.0,29.5,0.434,0.398,0.55,3.3,1.9,0.6,0.1,15.8,14.5,0.581,4.4,-0.1,1.0,no
James Harden\hardeja01,68.0,36.5,0.444,0.355,0.543,6.6,7.5,1.8,0.9,34.3,29.1,0.626,13.1,9.6,7.3,no
Gary Harris\harriga01,56.0,31.8,0.42,0.333,0.487,2.9,2.1,1.4,0.3,10.4,9.7,0.519,1.9,-2.5,-0.2,no
Joe Harris\harrijo01,69.0,30.8,0.486,0.424,0.596,4.3,2.1,0.6,0.2,14.5,13.3,0.606,4.3,-0.2,1.0,no
Tobias Harris\harrito02,72.0,34.3,0.471,0.367,0.527,6.9,3.2,0.7,0.6,19.6,17.2,0.556,6.2,0.8,1.8,no
Gordon Hayward\haywago01,52.0,33.5,0.5,0.383,0.561,6.7,4.1,0.7,0.4,17.5,18.1,0.595,5.7,2.7,2.0,no
Buddy Hield\hieldbu01,72.0,30.8,0.429,0.394,0.545,4.6,3.0,0.9,0.2,19.2,16.0,0.566,3.0,1.1,1.7,no
Jrue Holiday\holidjr01,61.0,34.7,0.455,0.353,0.516,4.8,6.7,1.6,0.8,19.1,17.0,0.537,3.9,1.8,2.0,no
Al Horford\horfoal01,67.0,30.2,0.45,0.35,0.52,6.8,4.0,0.8,0.9,11.9,15.7,0.536,5.4,2.2,2.2,no
Danuel House Jr.\houseda01,63.0,30.4,0.427,0.363,0.546,4.2,1.3,1.1,0.5,10.5,11.3,0.572,3.6,-0.7,0.6,no
Kevin Huerter\huertke01,56.0,31.4,0.413,0.38,0.517,4.1,3.8,0.9,0.5,12.2,11.5,0.536,1.6,-1.6,0.2,no
De'Andre Hunter\huntede01,63.0,32.0,0.41,0.355,0.489,4.5,1.8,0.7,0.3,12.3,8.6,0.521,0.1,-4.7,-1.4,no
Joe Ingles\inglejo01,72.0,29.7,0.445,0.399,0.572,3.9,5.2,0.9,0.2,9.8,12.6,0.595,4.8,0.7,1.5,no
Brandon Ingram\ingrabr01,62.0,33.9,0.463,0.391,0.531,6.1,4.2,1.0,0.6,23.8,18.8,0.587,5.1,2.1,2.2,no
LeBron James\jamesle01,67.0,34.6,0.493,0.348,0.55,7.8,10.2,1.2,0.5,25.3,25.5,0.577,9.8,8.4,6.1,no
Nikola Jokić\jokicni01,73.0,32.0,0.528,0.314,0.565,9.7,7.0,1.2,0.6,19.9,24.9,0.605,9.8,7.4,5.5,no
Zach LaVine\lavinza01,60.0,34.8,0.45,0.38,0.526,4.8,4.2,1.5,0.5,25.5,19.4,0.568,4.0,2.5,2.4,no
Damion Lee\leeda03,49.0,29.0,0.417,0.356,0.5,4.9,2.7,1.0,0.1,12.7,12.7,0.548,1.7,-2.3,-0.1,no
Kawhi Leonard\leonaka01,57.0,32.4,0.47,0.378,0.524,7.1,4.9,1.8,0.6,27.1,26.9,0.589,8.7,8.9,5.1,no
Caris LeVert\leverca01,45.0,29.6,0.425,0.364,0.48,4.2,4.4,1.2,0.2,18.7,16.1,0.514,1.5,-0.3,0.5,no
Damian Lillard\lillada01,66.0,37.5,0.463,0.401,0.563,4.3,8.0,1.1,0.3,30.0,26.9,0.627,11.6,7.5,5.9,no
Kevin Love\loveke01,56.0,31.8,0.45,0.374,0.55,9.8,3.2,0.6,0.3,17.6,17.9,0.599,3.8,2.0,1.8,no
Kyle Lowry\lowryky01,58.0,36.2,0.416,0.352,0.518,5.0,7.5,1.4,0.4,19.4,17.7,0.59,7.5,3.2,2.8,no
Lauri Markkanen\markkla01,50.0,29.8,0.425,0.344,0.517,6.3,1.5,0.8,0.5,14.7,14.3,0.56,2.6,-0.6,0.5,no
CJ McCollum\mccolcj01,70.0,36.5,0.451,0.379,0.522,4.2,4.4,0.8,0.6,22.2,17.0,0.541,4.1,0.5,1.6,no
Khris Middleton\middlkh01,62.0,29.9,0.497,0.415,0.575,6.2,4.3,0.9,0.1,20.9,21.1,0.619,7.9,4.1,2.9,no
Donovan Mitchell\mitchdo01,69.0,34.3,0.449,0.366,0.513,4.4,4.3,1.0,0.2,24.0,18.8,0.558,5.4,1.9,2.3,no
Ja Morant\moranja01,67.0,31.0,0.477,0.335,0.509,3.9,7.3,0.9,0.3,17.8,17.4,0.556,3.8,0.3,1.2,no
Marcus Morris\morrima03,62.0,31.2,0.438,0.408,0.526,5.0,1.4,0.8,0.5,16.7,14.3,0.57,3.6,-0.1,0.9,no
Jamal Murray\murraja01,59.0,32.3,0.456,0.346,0.519,4.0,4.8,1.1,0.3,18.5,17.7,0.559,4.3,1.2,1.5,no
Kendrick Nunn\nunnke01,67.0,29.3,0.439,0.35,0.514,2.7,3.3,0.8,0.2,15.3,12.9,0.534,2.0,-2.3,-0.1,no
Royce O'Neale\onealro01,71.0,28.9,0.433,0.377,0.559,5.5,2.5,0.8,0.5,6.3,9.5,0.578,4.3,0.9,1.5,no
Cedi Osman\osmande01,65.0,29.4,0.437,0.383,0.538,3.6,2.4,0.8,0.2,11.0,10.7,0.552,1.6,-2.6,-0.3,no
Kelly Oubre Jr.\oubreke01,56.0,34.5,0.452,0.352,0.517,6.4,1.5,1.3,0.7,18.7,14.9,0.56,3.8,-0.5,0.7,no
Chris Paul\paulch01,70.0,31.5,0.489,0.365,0.552,5.0,6.7,1.6,0.2,17.6,21.7,0.61,8.9,4.4,3.5,no
Kristaps Porziņģis\porzikr01,57.0,31.8,0.427,0.352,0.503,9.5,1.8,0.7,2.0,20.4,20.2,0.551,5.2,1.9,1.8,no
Taurean Prince\princta02,64.0,29.0,0.376,0.339,0.475,6.0,1.8,0.9,0.4,12.1,9.1,0.497,0.6,-2.9,-0.4,no
Julius Randle\randlju01,64.0,32.5,0.46,0.277,0.492,9.7,3.1,0.8,0.3,19.5,17.5,0.538,2.7,-0.3,0.9,no
Josh Richardson\richajo01,55.0,30.8,0.43,0.341,0.496,3.2,2.9,0.9,0.7,13.7,12.0,0.533,2.1,-1.8,0.1,no
Duncan Robinson\robindu01,73.0,29.7,0.47,0.446,0.667,3.2,1.4,0.5,0.3,13.5,13.1,0.684,5.3,0.5,1.3,no
Terry Rozier\roziete01,63.0,34.3,0.423,0.407,0.514,4.4,4.1,1.0,0.2,18.0,14.8,0.553,3.0,-0.4,0.8,no
Ricky Rubio\rubiori01,65.0,31.0,0.415,0.361,0.471,4.7,8.8,1.4,0.2,13.0,16.5,0.535,4.9,1.0,1.5,no
D'Angelo Russell\russeda01,45.0,32.3,0.426,0.367,0.519,3.9,6.3,1.1,0.3,23.1,18.7,0.556,1.8,1.9,1.4,no
Domantas Sabonis\sabondo01,62.0,34.8,0.54,0.254,0.55,12.4,5.0,0.8,0.5,18.5,20.7,0.586,7.5,3.2,2.9,no
Tomáš Satoranský\satorto01,65.0,28.9,0.43,0.322,0.488,3.9,5.4,1.2,0.1,9.9,13.5,0.533,3.5,-1.2,0.4,no
Dennis Schröder\schrode01,65.0,30.8,0.469,0.385,0.534,3.6,4.0,0.7,0.2,18.9,16.7,0.575,3.6,-0.1,1.0,no
Collin Sexton\sextoco01,65.0,33.0,0.472,0.38,0.517,3.1,3.0,1.0,0.1,20.8,16.3,0.56,2.5,-1.8,0.1,no
Pascal Siakam\siakapa01,60.0,35.2,0.453,0.359,0.512,7.3,3.5,1.0,0.9,22.9,17.9,0.554,5.4,1.8,2.0,no
Ben Simmons\simmobe01,57.0,35.4,0.58,0.286,0.581,7.8,8.0,2.1,0.6,16.4,20.4,0.602,6.9,3.6,2.8,no
Marcus Smart\smartma01,60.0,32.0,0.375,0.347,0.476,3.8,4.9,1.7,0.5,12.9,13.8,0.518,4.5,1.4,1.6,no
Jayson Tatum\tatumja01,66.0,34.3,0.45,0.403,0.527,7.0,3.0,1.4,0.9,23.4,20.4,0.567,6.9,4.0,3.4,no
Tristan Thompson\thomptr01,57.0,30.2,0.512,0.391,0.52,10.1,2.1,0.6,0.9,12.0,16.8,0.54,3.1,-1.5,0.2,no
Karl-Anthony Towns\townska01,35.0,33.9,0.508,0.412,0.6,10.8,4.4,0.9,1.2,26.5,26.5,0.642,5.1,7.8,2.9,no
P.J. Tucker\tuckepj01,72.0,34.3,0.415,0.358,0.541,6.6,1.6,1.1,0.5,6.9,8.3,0.559,4.0,-1.9,0.1,no
Myles Turner\turnemy01,62.0,29.5,0.457,0.344,0.53,6.6,1.2,0.7,2.1,12.1,14.8,0.566,4.2,0.1,1.0,no
Fred VanVleet\vanvlfr01,54.0,35.7,0.413,0.39,0.507,3.8,6.6,1.9,0.3,17.6,16.3,0.553,5.8,2.7,2.3,no
Nikola Vučević\vucevni01,62.0,32.2,0.477,0.339,0.525,10.9,3.6,0.9,0.8,19.6,21.9,0.549,6.4,4.2,3.1,no
Kemba Walker\walkeke02,56.0,31.1,0.425,0.381,0.526,3.9,4.8,0.9,0.5,20.4,20.0,0.575,5.9,4.6,2.9,no
T.J. Warren\warretj01,67.0,32.9,0.536,0.403,0.581,4.2,1.5,1.2,0.5,19.8,18.4,0.61,6.5,1.1,1.7,no
P.J. Washington\washipj01,58.0,30.3,0.455,0.374,0.528,5.4,2.1,0.9,0.8,12.2,12.4,0.547,2.0,-1.6,0.2,no
Russell Westbrook\westbru01,57.0,35.9,0.472,0.258,0.493,7.9,7.0,1.6,0.4,27.2,21.0,0.536,4.2,1.5,1.8,no
Hassan Whiteside\whiteha01,67.0,30.0,0.621,0.571,0.624,13.5,1.2,0.4,2.9,15.5,25.0,0.644,8.5,3.2,2.6,no
Andrew Wiggins\wiggian01,54.0,34.4,0.447,0.332,0.504,5.1,3.7,0.8,1.0,21.8,16.4,0.536,1.9,-0.3,0.8,no
Trae Young\youngtr01,60.0,35.3,0.437,0.361,0.519,4.3,9.3,1.1,0.1,29.6,23.9,0.595,5.9,3.9,3.1,no
Steven Adams\adamsst01,80.0,33.4,0.595,0.0,0.595,9.5,1.6,1.5,1.0,13.9,18.5,0.591,9.1,1.1,2.1,no
LaMarcus Aldridge\aldrila01,81.0,33.2,0.519,0.238,0.522,9.2,2.4,0.5,1.3,21.3,22.9,0.576,9.3,1.8,2.6,no
Kyle Anderson\anderky01,43.0,29.8,0.543,0.265,0.56,5.8,3.0,1.3,0.9,8.0,12.8,0.569,2.7,0.8,0.9,no
Giannis Antetokounmpo\antetgi01,72.0,32.8,0.578,0.256,0.599,12.5,5.9,1.3,1.5,27.7,30.9,0.644,14.4,10.4,7.4,no
Trevor Ariza\arizatr01,69.0,34.0,0.399,0.334,0.498,5.4,3.7,1.3,0.3,12.5,12.1,0.534,2.5,-1.3,0.4,no
Deandre Ayton\aytonde01,71.0,30.7,0.585,0.0,0.585,10.3,1.8,0.9,0.9,16.3,20.5,0.608,5.8,0.2,1.2,no
Lonzo Ball\balllo01,47.0,30.3,0.406,0.329,0.488,5.3,5.4,1.5,0.4,9.9,11.7,0.487,1.6,-0.3,0.6,no
Harrison Barnes\barneha02,77.0,32.9,0.42,0.395,0.504,4.7,1.5,0.6,0.2,16.4,12.8,0.55,3.6,-1.4,0.4,no
Nicolas Batum\batumni01,75.0,31.4,0.45,0.389,0.553,5.2,3.3,0.9,0.6,9.3,11.9,0.581,3.7,-0.3,1.0,no
Bradley Beal\bealbr01,82.0,36.9,0.475,0.351,0.54,5.0,5.5,1.5,0.7,25.6,20.8,0.581,7.6,2.9,3.7,no
Eric Bledsoe\bledser01,78.0,29.1,0.484,0.329,0.548,4.6,5.5,1.5,0.4,15.9,19.3,0.577,8.2,3.1,2.9,no
Bojan Bogdanović\bogdabo02,81.0,31.8,0.497,0.425,0.575,4.1,2.0,0.9,0.0,18.0,16.1,0.613,6.8,0.7,1.7,no
Devin Booker\bookede01,64.0,35.0,0.467,0.326,0.521,4.1,6.8,0.9,0.2,26.6,20.2,0.584,3.5,1.0,1.7,no
Avery Bradley\bradlav01,63.0,30.2,0.408,0.351,0.479,2.8,2.4,0.7,0.3,9.9,7.6,0.496,0.3,-3.7,-0.8,no
Mikal Bridges\bridgmi01,82.0,29.5,0.43,0.335,0.523,3.2,2.1,1.6,0.5,8.3,10.8,0.556,2.9,-1.6,0.3,no
Reggie Bullock\bullore01,63.0,29.8,0.412,0.377,0.537,2.7,2.0,0.6,0.2,11.3,10.5,0.563,3.1,-1.1,0.4,no
Jimmy Butler\butleji01,65.0,33.6,0.462,0.347,0.499,5.3,4.0,1.9,0.6,18.7,20.2,0.571,7.9,3.7,3.2,no
Clint Capela\capelca01,67.0,33.6,0.648,,0.648,12.7,1.4,0.7,1.5,16.6,23.8,0.658,10.8,3.0,2.8,no
John Collins\collijo01,61.0,30.0,0.56,0.348,0.593,9.8,2.0,0.4,0.6,19.5,21.8,0.627,6.0,0.9,1.3,no
Mike Conley\conlemi01,70.0,33.5,0.438,0.364,0.507,3.4,6.4,1.3,0.3,21.1,21.4,0.569,8.0,4.7,3.9,no
Robert Covington\covinro01,35.0,34.4,0.431,0.378,0.548,5.5,1.3,2.1,1.3,13.3,13.3,0.58,2.5,1.6,1.1,no
Stephen Curry\curryst01,69.0,33.8,0.472,0.437,0.604,5.3,5.2,1.3,0.4,27.3,24.4,0.641,9.7,6.6,5.1,no
Anthony Davis\davisan02,56.0,33.0,0.517,0.331,0.54,12.0,3.9,1.6,2.4,25.9,30.3,0.597,9.5,9.4,5.3,no
DeMar DeRozan\derozde01,77.0,34.9,0.481,0.156,0.483,6.0,6.2,1.1,0.5,21.2,19.6,0.542,6.3,1.1,2.2,no
Luka Dončić\doncilu01,72.0,32.2,0.427,0.327,0.497,7.8,6.0,1.1,0.3,21.2,19.6,0.545,4.9,3.9,3.4,no
Andre Drummond\drumman01,79.0,33.5,0.533,0.132,0.536,15.6,1.4,1.7,1.7,17.3,23.4,0.555,10.0,2.1,2.7,no
Kris Dunn\dunnkr01,46.0,30.2,0.425,0.354,0.458,4.1,6.0,1.5,0.5,11.3,12.4,0.484,0.6,-2.7,-0.2,no
Kevin Durant\duranke01,78.0,34.6,0.521,0.353,0.571,6.4,5.9,0.7,1.1,26.0,24.2,0.631,11.5,5.5,5.1,no
Joel Embiid\embiijo01,64.0,33.7,0.484,0.3,0.517,13.6,3.7,0.7,1.9,27.5,26.1,0.593,8.7,4.9,3.8,no
Evan Fournier\fournev01,81.0,31.5,0.438,0.34,0.509,3.2,3.6,0.9,0.1,15.1,12.3,0.536,3.2,-2.4,-0.3,no
De'Aaron Fox\foxde01,81.0,31.4,0.458,0.371,0.497,3.8,7.3,1.6,0.6,17.3,18.1,0.544,5.6,1.5,2.3,no
Danilo Gallinari\gallida01,68.0,30.3,0.463,0.433,0.554,6.1,2.6,0.7,0.3,19.8,21.0,0.633,8.2,4.3,3.3,no
Marc Gasol\gasolma01,79.0,30.8,0.448,0.363,0.505,7.9,4.4,1.1,1.1,13.6,16.7,0.546,6.0,3.1,3.1,no
Paul George\georgpa01,77.0,36.9,0.438,0.386,0.529,8.2,4.1,2.2,0.4,28.0,23.3,0.583,11.9,7.2,6.6,no
Rudy Gobert\goberru01,81.0,31.8,0.669,,0.669,12.9,2.0,0.8,2.3,15.9,24.6,0.682,14.4,5.4,4.8,no
Aaron Gordon\gordoaa01,78.0,33.8,0.449,0.349,0.507,7.4,3.7,0.7,0.7,16.0,15.1,0.538,5.1,0.6,1.7,no
Eric Gordon\gordoer01,68.0,31.7,0.409,0.36,0.525,2.2,1.9,0.6,0.4,16.2,12.2,0.549,2.6,-1.3,0.4,no
Jerami Grant\grantje01,80.0,32.7,0.497,0.392,0.567,5.2,1.0,0.8,1.3,13.6,13.8,0.592,7.3,0.2,1.5,no
Draymond Green\greendr01,66.0,31.3,0.445,0.285,0.501,7.3,6.9,1.4,1.1,7.4,12.9,0.526,4.3,1.4,1.8,no
Blake Griffin\griffbl01,75.0,35.0,0.462,0.362,0.532,7.5,5.4,0.7,0.4,24.5,21.0,0.581,8.0,5.1,4.7,no
Tim Hardaway Jr.\hardati02,65.0,31.6,0.393,0.34,0.474,3.4,2.4,0.8,0.1,18.1,13.6,0.527,1.8,-2.0,0.0,no
James Harden\hardeja01,78.0,36.8,0.442,0.368,0.541,6.6,7.5,2.0,0.7,36.1,30.6,0.616,15.2,11.0,9.3,no
Joe Harris\harrijo01,76.0,30.2,0.5,0.474,0.622,3.8,2.4,0.5,0.2,13.7,13.5,0.645,5.5,0.5,1.4,no
Tobias Harris\harrito02,82.0,34.7,0.487,0.397,0.549,7.9,2.8,0.6,0.5,20.0,17.2,0.592,7.1,1.6,2.6,no
Buddy Hield\hieldbu01,82.0,31.9,0.458,0.427,0.56,5.0,2.5,0.7,0.4,20.7,17.5,0.587,5.9,2.1,2.7,no
Jrue Holiday\holidjr01,67.0,35.9,0.472,0.325,0.523,5.0,7.7,1.6,0.8,21.2,19.4,0.555,5.4,3.0,3.1,no
Justin Holiday\holidju01,82.0,31.8,0.386,0.348,0.49,3.9,1.8,1.5,0.4,10.5,10.0,0.52,2.1,-1.8,0.1,no
Al Horford\horfoal01,68.0,29.0,0.535,0.36,0.586,6.7,4.2,0.9,1.3,13.6,20.2,0.605,7.5,5.1,3.6,no
Joe Ingles\inglejo01,82.0,31.3,0.448,0.391,0.565,4.0,5.7,1.2,0.2,12.1,13.4,0.581,6.0,1.4,2.2,no
Brandon Ingram\ingrabr01,52.0,33.8,0.497,0.33,0.518,5.1,3.0,0.5,0.6,18.3,13.4,0.555,2.0,-2.0,0.0,no
Kyrie Irving\irvinky01,67.0,33.0,0.487,0.401,0.557,5.0,6.9,1.5,0.5,23.8,24.3,0.592,9.1,7.2,5.1,no
LeBron James\jamesle01,55.0,35.2,0.51,0.339,0.56,8.5,8.3,1.3,0.6,27.4,25.6,0.588,7.2,8.0,4.9,no
Nikola Jokić\jokicni01,80.0,31.3,0.511,0.307,0.545,10.8,7.3,1.4,0.7,20.1,26.3,0.589,11.8,9.1,7.0,no
DeAndre Jordan\jordade01,69.0,29.7,0.641,,0.641,13.1,2.3,0.6,1.1,11.0,19.0,0.674,7.1,2.1,2.1,no
Kyle Kuzma\kuzmaky01,70.0,33.1,0.456,0.303,0.515,5.5,2.5,0.6,0.4,18.7,14.0,0.546,3.1,-1.4,0.4,no
Zach LaVine\lavinza01,63.0,34.5,0.467,0.374,0.52,4.7,4.5,1.0,0.4,23.7,18.7,0.574,2.8,0.8,1.5,no
Kawhi Leonard\leonaka01,60.0,34.0,0.496,0.371,0.546,7.3,3.3,1.8,0.4,26.6,25.8,0.606,9.5,7.2,4.7,no
Damian Lillard\lillada01,80.0,35.5,0.444,0.369,0.522,4.6,6.9,1.1,0.4,25.8,23.7,0.588,12.1,6.4,6.0,no
Kyle Lowry\lowryky01,65.0,34.0,0.411,0.347,0.518,4.8,8.7,1.4,0.5,14.2,16.5,0.562,6.6,2.3,2.4,no
Lauri Markkanen\markkla01,52.0,32.3,0.43,0.361,0.506,9.0,1.4,0.7,0.6,18.7,17.1,0.553,2.7,-0.2,0.7,no
Wesley Matthews\matthwe02,69.0,30.3,0.4,0.372,0.507,2.5,2.3,0.8,0.2,12.2,10.3,0.546,2.7,-1.8,0.1,no
CJ McCollum\mccolcj01,70.0,33.9,0.459,0.375,0.527,4.0,3.0,0.8,0.4,21.0,17.0,0.553,5.6,1.0,1.8,no
Khris Middleton\middlkh01,77.0,31.1,0.441,0.378,0.519,6.0,4.3,1.0,0.1,18.3,16.5,0.558,6.1,0.8,1.7,no
Donovan Mitchell\mitchdo01,77.0,33.7,0.432,0.362,0.493,4.1,4.2,1.4,0.4,23.8,17.2,0.537,5.0,1.3,2.2,no
Jamal Murray\murraja01,75.0,32.6,0.437,0.367,0.502,4.2,4.8,0.9,0.4,18.2,16.0,0.538,5.1,0.6,1.6,no
Victor Oladipo\oladivi01,36.0,31.9,0.423,0.343,0.486,5.6,5.2,1.7,0.3,18.8,17.6,0.519,2.3,2.9,1.4,no
Cedi Osman\osmande01,76.0,32.2,0.427,0.348,0.504,4.7,2.6,0.8,0.1,13.0,11.5,0.536,1.5,-3.2,-0.8,no
Chris Paul\paulch01,58.0,32.0,0.419,0.358,0.508,4.6,8.2,2.0,0.3,15.6,19.7,0.56,6.6,3.9,2.8,no
Elfrid Payton\paytoel01,42.0,29.8,0.434,0.314,0.475,5.2,7.6,1.0,0.4,10.6,14.0,0.502,1.5,-1.4,0.2,no
Otto Porter Jr.\porteot01,56.0,30.1,0.465,0.406,0.546,5.6,2.1,1.5,0.6,13.9,15.9,0.569,3.2,0.9,1.2,no
Julius Randle\randlju01,73.0,30.6,0.524,0.344,0.555,8.7,3.1,0.7,0.6,21.4,20.9,0.6,6.1,1.5,2.0,no
J.J. Redick\redicjj01,76.0,31.3,0.44,0.397,0.557,2.4,2.7,0.4,0.2,18.1,15.1,0.602,5.9,0.2,1.3,no
Josh Richardson\richajo01,73.0,34.8,0.412,0.357,0.492,3.6,4.1,1.1,0.5,16.6,14.0,0.536,5.6,0.3,1.5,no
Rajon Rondo\rondora01,46.0,29.8,0.405,0.359,0.464,5.3,8.0,1.2,0.2,9.2,12.1,0.473,1.3,-1.5,0.2,no
D'Angelo Russell\russeda01,81.0,30.2,0.434,0.369,0.512,3.9,7.0,1.2,0.2,21.1,19.4,0.533,5.0,3.4,3.4,no
Dennis Schröder\schrode01,79.0,29.3,0.414,0.341,0.47,3.6,4.1,0.8,0.2,15.5,12.7,0.508,2.9,-2.0,0.0,no
Collin Sexton\sextoco01,82.0,31.8,0.43,0.402,0.48,2.9,3.0,0.5,0.1,16.7,12.0,0.52,-0.6,-4.7,-1.8,no
Pascal Siakam\siakapa01,80.0,31.9,0.549,0.369,0.591,6.9,3.1,0.9,0.7,16.9,18.7,0.628,9.3,2.4,2.8,no
Ben Simmons\simmobe01,79.0,34.2,0.563,0.0,0.563,8.8,7.7,1.4,0.8,16.9,20.0,0.582,8.2,3.6,3.8,no
Jayson Tatum\tatumja01,79.0,31.1,0.45,0.373,0.506,6.0,2.1,1.1,0.7,15.7,15.1,0.547,5.0,-0.2,1.1,no
Jeff Teague\teaguje01,42.0,30.1,0.423,0.333,0.465,2.5,8.2,1.0,0.4,12.1,15.4,0.528,2.2,-0.4,0.5,no
Klay Thompson\thompkl01,78.0,34.0,0.467,0.402,0.553,3.8,2.4,1.1,0.6,21.5,16.6,0.571,5.3,-0.3,1.2,no
Karl-Anthony Towns\townska01,77.0,33.1,0.518,0.4,0.572,12.4,3.4,0.9,1.6,24.4,26.3,0.622,10.4,6.0,5.1,no
P.J. Tucker\tuckepj01,82.0,34.2,0.396,0.377,0.535,5.8,1.2,1.6,0.5,7.3,9.2,0.547,5.0,-0.6,1.0,no
Nikola Vučević\vucevni01,80.0,31.4,0.518,0.364,0.549,12.0,3.8,1.0,1.1,20.8,25.5,0.573,10.1,6.6,5.5,no
Kemba Walker\walkeke02,82.0,34.9,0.434,0.356,0.511,4.4,5.9,1.2,0.4,25.6,21.7,0.558,7.4,4.2,4.4,no
T.J. Warren\warretj01,43.0,31.6,0.486,0.428,0.549,4.0,1.5,1.2,0.7,18.0,16.3,0.58,2.1,-0.2,0.6,no
Russell Westbrook\westbru01,73.0,36.0,0.428,0.29,0.468,11.1,10.7,1.9,0.5,22.9,21.1,0.501,6.8,5.2,4.7,no
Andrew Wiggins\wiggian01,73.0,34.8,0.412,0.339,0.461,4.8,2.5,1.0,0.7,18.1,12.4,0.493,0.6,-3.0,-0.6,no
Justise Winslow\winslju01,66.0,29.7,0.433,0.375,0.497,5.4,4.3,1.1,0.3,12.6,12.8,0.513,2.8,-0.6,0.7,no
Thaddeus Young\youngth01,81.0,30.7,0.527,0.349,0.557,6.5,2.5,1.5,0.4,12.6,16.2,0.569,6.9,1.5,2.2,no
Trae Young\youngtr01,81.0,30.9,0.418,0.324,0.48,3.7,8.1,0.9,0.2,19.1,17.0,0.539,3.3,-0.6,0.9,no
Steven Adams\adamsst01,76.0,32.7,0.629,0.0,0.629,9.0,1.2,1.2,1.0,13.9,20.6,0.63,9.7,1.1,2.0,no
LaMarcus Aldridge\aldrila01,75.0,33.5,0.51,0.293,0.52,8.5,2.0,0.6,1.2,23.1,25.0,0.57,10.9,3.9,3.7,no
Al-Farouq Aminu\aminual01,69.0,30.0,0.395,0.369,0.503,7.6,1.2,1.1,0.6,9.3,12.0,0.522,4.2,0.4,1.3,no
Giannis Antetokounmpo\antetgi01,75.0,36.7,0.529,0.307,0.545,10.0,4.8,1.5,1.4,26.9,27.3,0.598,11.9,6.2,5.7,no
Carmelo Anthony\anthoca01,78.0,32.1,0.404,0.357,0.476,5.8,1.3,0.6,0.6,16.2,12.7,0.503,3.7,-1.9,0.0,no
Trevor Ariza\arizatr01,67.0,33.9,0.412,0.368,0.542,4.4,1.6,1.5,0.2,11.7,11.8,0.567,5.3,0.7,1.5,no
Lonzo Ball\balllo01,52.0,34.2,0.36,0.305,0.44,6.9,7.2,1.7,0.8,10.2,12.5,0.444,2.0,1.0,1.3,no
Harrison Barnes\barneha02,77.0,34.2,0.445,0.357,0.494,6.1,2.0,0.6,0.2,18.9,15.8,0.539,3.8,-0.5,1.0,no
Will Barton\bartowi01,81.0,33.1,0.452,0.37,0.528,5.0,4.1,1.0,0.6,15.7,16.2,0.562,6.2,1.1,2.1,no
Nicolas Batum\batumni01,64.0,31.0,0.415,0.336,0.486,4.8,5.5,1.0,0.4,11.6,14.4,0.523,3.5,0.4,1.2,no
Bradley Beal\bealbr01,82.0,36.3,0.46,0.375,0.527,4.4,4.5,1.2,0.4,22.6,18.4,0.564,6.9,2.2,3.1,no
Eric Bledsoe\bledser01,74.0,31.4,0.473,0.347,0.536,3.8,5.0,2.0,0.6,17.7,19.7,0.582,5.6,2.5,2.6,no
Bojan Bogdanović\bogdabo02,80.0,30.8,0.474,0.402,0.565,3.4,1.5,0.7,0.1,14.3,13.9,0.605,5.4,-0.7,0.8,no
Devin Booker\bookede01,54.0,34.5,0.432,0.383,0.501,4.5,4.7,0.9,0.3,24.9,18.1,0.561,2.4,0.9,1.4,no
Avery Bradley\bradlav01,46.0,31.2,0.414,0.369,0.474,2.5,2.0,1.1,0.2,14.3,9.6,0.496,-0.2,-4.0,-0.7,no
Malcolm Brogdon\brogdma01,48.0,29.9,0.485,0.385,0.547,3.3,3.2,0.9,0.3,13.0,14.3,0.578,2.7,-1.2,0.3,no
Jaylen Brown\brownja02,70.0,30.7,0.465,0.395,0.54,4.9,1.6,1.0,0.4,14.5,13.6,0.562,4.5,-0.5,0.8,no
Jimmy Butler\butleji01,59.0,36.7,0.474,0.35,0.512,5.3,4.9,2.0,0.4,22.2,23.7,0.59,8.9,5.8,4.2,no
Kentavious Caldwell-Pope\caldwke01,74.0,33.2,0.426,0.383,0.526,5.2,2.2,1.4,0.2,13.4,13.2,0.561,5.3,0.3,1.4,no
DeMarre Carroll\carrode01,73.0,29.9,0.414,0.371,0.506,6.6,2.0,0.8,0.4,13.5,14.3,0.55,4.1,0.2,1.2,no
Wilson Chandler\chandwi01,74.0,31.7,0.445,0.358,0.515,5.4,2.1,0.6,0.5,10.0,10.9,0.542,3.3,-2.1,-0.1,no
Darren Collison\collida01,69.0,29.2,0.495,0.468,0.571,2.6,5.3,1.3,0.2,12.4,18.8,0.61,7.6,2.7,2.4,no
DeMarcus Cousins\couside01,48.0,36.2,0.47,0.354,0.53,12.9,5.4,1.6,1.6,25.2,22.6,0.583,4.7,4.7,2.9,no
Robert Covington\covinro01,80.0,31.7,0.413,0.369,0.534,5.4,2.0,1.7,0.9,12.6,12.9,0.563,6.1,1.5,2.3,no
Allen Crabbe\crabbal01,75.0,29.3,0.407,0.378,0.529,4.3,1.6,0.6,0.5,13.2,12.3,0.558,3.2,-0.7,0.7,no
Stephen Curry\curryst01,51.0,32.0,0.495,0.423,0.618,5.1,6.1,1.6,0.2,26.4,28.2,0.675,9.1,7.7,4.0,no
Anthony Davis\davisan02,75.0,36.4,0.534,0.34,0.552,11.1,2.3,1.5,2.6,28.1,28.9,0.612,13.7,6.7,5.9,no
DeMar DeRozan\derozde01,80.0,33.9,0.456,0.31,0.488,3.9,5.2,1.1,0.3,23.0,21.0,0.555,9.6,2.8,3.2,no
Goran Dragić\dragigo01,75.0,31.7,0.45,0.37,0.502,4.1,4.8,0.8,0.2,17.3,16.6,0.543,5.3,0.3,1.4,no
Andre Drummond\drumman01,78.0,33.7,0.529,0.0,0.529,16.0,3.0,1.5,1.6,15.0,22.9,0.555,10.3,3.2,3.4,no
Kris Dunn\dunnkr01,52.0,29.3,0.429,0.321,0.462,4.3,6.0,2.0,0.5,13.4,14.5,0.488,0.9,-1.3,0.3,no
Kevin Durant\duranke01,68.0,34.2,0.516,0.419,0.586,6.8,5.4,0.7,1.8,26.4,26.0,0.64,10.4,7.3,5.5,no
Joel Embiid\embiijo01,63.0,30.3,0.483,0.308,0.514,11.0,3.2,0.6,1.8,22.9,22.9,0.573,6.2,3.3,2.6,no
Tyreke Evans\evansty01,52.0,30.9,0.452,0.399,0.523,5.1,5.2,1.1,0.3,19.4,21.1,0.561,4.2,4.5,2.6,no
Evan Fournier\fournev01,57.0,32.2,0.459,0.379,0.538,3.2,2.9,0.8,0.3,17.8,15.5,0.577,3.3,-0.6,0.7,no
Marc Gasol\gasolma01,73.0,33.0,0.42,0.341,0.473,8.1,4.2,0.7,1.4,17.2,17.4,0.532,4.0,2.3,2.7,no
Paul George\georgpa01,79.0,36.6,0.43,0.401,0.521,5.7,3.3,2.0,0.5,21.9,18.7,0.57,8.9,2.9,3.6,no
Taj Gibson\gibsota01,82.0,33.2,0.577,0.2,0.581,7.1,1.2,0.8,0.7,12.2,15.4,0.61,7.2,-0.5,1.0,no
Rudy Gobert\goberru01,56.0,32.4,0.622,,0.622,10.7,1.4,0.8,2.3,13.5,20.7,0.657,8.1,3.4,2.5,no
Aaron Gordon\gordoaa01,58.0,32.9,0.434,0.336,0.5,7.9,2.3,1.0,0.8,17.6,16.5,0.53,2.9,0.3,1.1,no
Eric Gordon\gordoer01,69.0,31.2,0.428,0.359,0.54,2.5,2.2,0.6,0.4,18.0,15.2,0.578,4.7,0.4,1.3,no
Draymond Green\greendr01,70.0,32.7,0.454,0.301,0.516,7.6,7.3,1.4,1.3,11.0,16.1,0.556,6.1,2.8,2.8,no
Blake Griffin\griffbl01,58.0,34.0,0.438,0.345,0.493,7.4,5.8,0.7,0.3,21.4,19.6,0.544,4.9,3.4,2.7,no
Tim Hardaway Jr.\hardati02,57.0,33.1,0.421,0.317,0.496,3.9,2.7,1.1,0.2,17.5,14.4,0.533,2.6,-0.6,0.7,no
James Harden\hardeja01,72.0,35.4,0.449,0.367,0.541,5.4,8.8,1.8,0.7,30.4,29.8,0.619,15.4,9.9,7.7,no
Gary Harris\harriga01,67.0,34.4,0.485,0.396,0.57,2.6,2.9,1.8,0.2,17.5,16.5,0.597,5.5,0.8,1.7,no
Tobias Harris\harrito02,80.0,33.4,0.46,0.411,0.535,5.5,2.4,0.9,0.4,18.6,17.1,0.565,6.7,1.9,2.6,no
Jrue Holiday\holidjr01,81.0,36.1,0.494,0.337,0.543,4.5,6.0,1.5,0.8,19.0,17.8,0.57,7.1,1.6,2.7,no
Justin Holiday\holidju01,72.0,31.5,0.371,0.359,0.474,4.0,2.1,1.1,0.4,12.2,10.8,0.513,1.7,-1.9,0.0,no
Al Horford\horfoal01,72.0,31.6,0.489,0.429,0.553,7.4,4.7,0.6,1.1,12.9,17.6,0.575,7.8,4.4,3.7,no
Dwight Howard\howardw01,81.0,30.4,0.555,0.143,0.556,12.5,1.3,0.6,1.6,16.6,20.5,0.577,6.8,-0.1,1.2,no
Joe Ingles\inglejo01,82.0,31.4,0.467,0.44,0.609,4.2,4.8,1.1,0.2,11.5,14.4,0.623,7.6,2.3,2.8,no
Brandon Ingram\ingrabr01,59.0,33.5,0.47,0.39,0.497,5.3,3.9,0.8,0.7,16.1,13.8,0.536,2.8,-1.2,0.4,no
Kyrie Irving\irvinky01,60.0,32.2,0.491,0.408,0.568,3.8,5.1,1.1,0.3,24.4,25.0,0.61,8.9,7.3,4.5,no
LeBron James\jamesle01,82.0,36.9,0.542,0.367,0.59,8.6,9.1,1.4,0.9,27.5,28.6,0.621,14.0,8.7,8.2,no
Nikola Jokić\jokicni01,75.0,32.6,0.499,0.396,0.554,10.7,6.1,1.2,0.8,18.5,24.4,0.603,10.7,6.9,5.5,no
DeAndre Jordan\jordade01,77.0,31.5,0.645,,0.645,15.2,1.5,0.5,0.9,12.0,20.2,0.648,9.4,1.4,2.1,no
Kyle Kuzma\kuzmaky01,77.0,31.2,0.45,0.366,0.527,6.3,1.8,0.6,0.4,16.1,14.2,0.549,3.8,-0.7,0.8,no
Courtney Lee\leeco01,76.0,30.4,0.454,0.406,0.529,2.9,2.4,1.1,0.2,12.0,13.0,0.564,3.9,-0.3,1.0,no
Damian Lillard\lillada01,73.0,36.6,0.439,0.361,0.519,4.5,6.6,1.1,0.4,26.9,25.2,0.594,12.6,7.2,6.3,no
Kyle Lowry\lowryky01,78.0,32.2,0.427,0.399,0.553,5.6,6.9,1.1,0.2,16.2,19.5,0.598,10.2,5.2,4.5,no
Lauri Markkanen\markkla01,68.0,29.7,0.434,0.362,0.518,7.5,1.2,0.6,0.6,15.2,15.6,0.552,3.3,-0.2,0.9,no
Wesley Matthews\matthwe02,63.0,33.8,0.406,0.381,0.516,3.1,2.7,1.2,0.3,12.7,11.4,0.541,2.6,-0.9,0.6,no
CJ McCollum\mccolcj01,81.0,36.1,0.443,0.397,0.506,4.0,3.4,1.0,0.4,21.4,17.0,0.536,6.6,1.2,2.4,no
Khris Middleton\middlkh01,82.0,36.4,0.466,0.359,0.524,5.2,4.0,1.5,0.3,20.1,17.4,0.577,6.9,0.0,1.5,no
Paul Millsap\millspa01,38.0,30.1,0.464,0.345,0.509,6.4,2.8,1.0,1.2,14.6,17.0,0.549,2.5,0.4,0.7,no
Donovan Mitchell\mitchdo01,79.0,33.4,0.437,0.34,0.506,3.7,3.7,1.5,0.3,20.5,16.7,0.541,5.2,1.2,2.2,no
E'Twaun Moore\mooreet01,82.0,31.5,0.508,0.425,0.585,2.9,2.3,1.0,0.1,12.5,12.1,0.593,4.4,-1.6,0.3,no
Jamal Murray\murraja01,81.0,31.7,0.451,0.378,0.529,3.7,3.4,1.0,0.3,16.7,16.1,0.576,5.5,-0.3,1.1,no
Victor Oladipo\oladivi01,75.0,34.0,0.477,0.371,0.537,5.2,4.3,2.4,0.8,23.1,23.1,0.577,8.2,5.8,5.0,no
Chris Paul\paulch01,58.0,31.8,0.46,0.38,0.55,5.4,7.9,1.7,0.2,18.6,24.4,0.604,10.2,7.1,4.2,no
Otto Porter Jr.\porteot01,77.0,31.6,0.503,0.441,0.581,6.4,2.0,1.5,0.5,14.7,18.3,0.602,8.1,3.5,3.4,no
Kristaps Porziņģis\porzikr01,48.0,32.4,0.439,0.395,0.489,6.6,1.2,0.8,2.4,22.7,20.4,0.539,3.2,1.8,1.5,no
Taurean Prince\princta02,82.0,30.0,0.426,0.385,0.516,4.7,2.6,1.0,0.5,14.1,12.8,0.549,2.0,-1.1,0.6,no
J.J. Redick\redicjj01,70.0,30.2,0.46,0.42,0.569,2.5,3.0,0.5,0.1,17.1,15.9,0.614,6.6,1.1,1.7,no
Josh Richardson\richajo01,81.0,33.2,0.451,0.378,0.523,3.5,2.9,1.5,0.9,12.9,13.6,0.551,5.4,0.7,1.8,no
Austin Rivers\riverau01,61.0,33.7,0.424,0.378,0.508,2.4,4.0,1.2,0.3,15.1,12.6,0.526,2.4,-1.2,0.4,no
Ricky Rubio\rubiori01,77.0,29.3,0.418,0.352,0.476,4.6,5.3,1.6,0.1,13.1,15.4,0.537,5.3,0.7,1.6,no
Dario Šarić\saricda01,78.0,29.6,0.453,0.393,0.541,6.7,2.6,0.7,0.3,14.6,15.8,0.582,6.6,1.3,1.9,no
Dennis Schröder\schrode01,67.0,31.0,0.436,0.29,0.469,3.1,6.2,1.1,0.1,19.4,17.3,0.515,2.6,-0.6,0.7,no
Ben Simmons\simmobe01,81.0,33.7,0.545,0.0,0.545,8.1,8.2,1.7,0.9,15.8,20.0,0.557,9.2,4.5,4.5,no
Jonathon Simmons\simmojo02,69.0,29.4,0.465,0.338,0.511,3.5,2.5,0.8,0.2,13.9,12.7,0.555,1.9,-3.1,-0.5,no
Marcus Smart\smartma01,54.0,29.9,0.367,0.301,0.44,3.5,4.8,1.3,0.4,10.2,10.8,0.479,1.9,-1.2,0.3,no
Dennis Smith Jr.\smithde03,69.0,29.7,0.395,0.313,0.446,3.8,5.2,1.0,0.3,15.2,12.8,0.473,-0.7,-2.4,-0.2,no
Jayson Tatum\tatumja01,80.0,30.5,0.475,0.434,0.538,5.0,1.6,1.0,0.7,13.9,15.2,0.586,7.1,1.2,2.0,no
Jeff Teague\teaguje01,70.0,33.0,0.446,0.368,0.499,3.0,7.0,1.5,0.3,14.2,16.4,0.553,4.9,0.4,1.4,no
Klay Thompson\thompkl01,73.0,34.3,0.488,0.44,0.585,3.8,2.5,0.8,0.5,20.0,16.0,0.598,4.9,-0.4,1.0,no
Karl-Anthony Towns\townska01,82.0,35.6,0.545,0.421,0.596,12.3,2.4,0.8,1.4,21.3,24.9,0.646,14.0,5.1,5.2,no
Nikola Vučević\vucevni01,57.0,29.5,0.475,0.314,0.513,9.2,3.4,1.0,1.1,16.5,19.7,0.533,3.6,2.7,2.0,no
Kemba Walker\walkeke02,80.0,34.2,0.431,0.384,0.516,3.1,5.6,1.1,0.3,22.1,20.6,0.572,8.6,4.0,4.2,no
John Wall\walljo01,41.0,34.4,0.42,0.371,0.466,3.7,9.6,1.4,1.1,19.4,19.1,0.515,2.7,3.0,1.8,no
T.J. Warren\warretj01,65.0,33.0,0.498,0.222,0.507,5.1,1.3,1.0,0.6,19.6,17.6,0.541,3.4,-0.7,0.7,no
Russell Westbrook\westbru01,80.0,36.4,0.449,0.298,0.477,10.1,10.3,1.8,0.3,25.4,24.7,0.524,10.1,6.3,6.1,no
Andrew Wiggins\wiggian01,82.0,36.3,0.438,0.331,0.481,4.4,2.0,1.1,0.6,17.7,13.0,0.505,2.1,-2.4,-0.3,no
Lou Williams\willilo02,79.0,32.8,0.435,0.359,0.505,2.5,5.3,1.1,0.2,22.6,20.2,0.574,6.7,2.3,2.8,no
Thaddeus Young\youngth01,81.0,32.2,0.487,0.32,0.521,6.3,1.9,1.7,0.4,11.8,14.8,0.528,5.5,0.2,1.4,no
