Player,G,MP,FG%,3P%,eFG%,TRB,AST,STL,BLK,PTS
Precious Achiuwa\achiupr01,61,12.1,.544,.000,.544,3.4,0.5,0.3,0.5,5.0
Jaylen Adams\adamsja01,7,2.6,.125,.000,.125,0.4,0.3,0.0,0.0,0.3
Steven Adams\adamsst01,58,27.7,.614,.000,.614,8.9,1.9,0.9,0.7,7.6
Bam Adebayo\adebaba01,64,33.5,.570,.250,.571,9.0,5.4,1.2,1.0,18.7
LaMarcus Aldridge\aldrila01,26,25.9,.473,.388,.525,4.5,1.9,0.4,1.1,13.5
LaMarcus Aldridge\aldrila01,21,25.9,.464,.360,.518,4.5,1.7,0.4,0.9,13.7
LaMarcus Aldridge\aldrila01,5,26.0,.521,.800,.563,4.8,2.6,0.6,2.2,12.8
Ty-Shon Alexander\alexaty01,15,3.1,.250,.222,.333,0.7,0.4,0.0,0.1,0.6
Nickeil Alexander-Walker\alexani01,46,21.9,.419,.347,.502,3.1,2.2,1.0,0.5,11.0
Grayson Allen\allengr01,50,25.2,.418,.391,.547,3.2,2.2,0.9,0.2,10.6
Jarrett Allen\allenja01,63,29.6,.618,.316,.624,10.0,1.7,0.5,1.4,12.8
Jarrett Allen\allenja01,12,26.7,.677,,.677,10.4,1.7,0.6,1.6,11.2
Jarrett Allen\allenja01,51,30.3,.609,.316,.616,9.9,1.7,0.5,1.4,13.2
Al-Farouq Aminu\aminual01,23,18.9,.384,.216,.424,4.8,1.3,0.8,0.4,4.4
Al-Farouq Aminu\aminual01,17,21.6,.404,.226,.444,5.4,1.7,1.0,0.5,5.5
Al-Farouq Aminu\aminual01,6,11.2,.200,.167,.250,3.2,0.3,0.3,0.0,1.5
Kyle Anderson\anderky01,69,27.3,.468,.360,.540,5.7,3.6,1.2,0.8,12.4
Giannis Antetokounmpo\antetgi01,61,33.0,.569,.303,.600,11.0,5.9,1.2,1.2,28.1
Kostas Antetokounmpo\antetko01,15,3.7,.300,,.300,1.3,0.1,0.1,0.3,0.8
Thanasis Antetokounmpo\antetth01,57,9.7,.489,.241,.515,2.2,0.8,0.4,0.2,2.9
Carmelo Anthony\anthoca01,69,24.5,.421,.409,.506,3.1,1.5,0.7,0.6,13.4
Cole Anthony\anthoco01,47,27.1,.397,.337,.449,4.7,4.1,0.6,0.4,12.9
OG Anunoby\anunoog01,43,33.3,.480,.398,.580,5.5,2.2,1.5,0.7,15.9
Ryan Arcidiacono\arcidry01,44,10.2,.419,.373,.526,1.5,1.3,0.2,0.0,3.1
Trevor Ariza\arizatr01,30,28.0,.411,.350,.515,4.8,1.8,1.0,0.6,9.4
D.J. Augustin\augusdj01,57,19.8,.394,.382,.515,1.6,3.3,0.5,0.0,7.7
D.J. Augustin\augusdj01,37,19.3,.370,.380,.497,1.4,3.0,0.5,0.0,6.1
D.J. Augustin\augusdj01,20,20.8,.424,.386,.536,2.2,3.9,0.4,0.0,10.6
Deni Avdija\avdijde01,54,23.3,.417,.315,.502,4.9,1.2,0.6,0.3,6.3
Deandre Ayton\aytonde01,69,30.7,.626,.200,.629,10.5,1.4,0.6,1.2,14.4
Udoka Azubuike\azubuud01,15,3.8,.444,,.444,0.9,0.0,0.1,0.3,1.1
Dwayne Bacon\bacondw01,72,25.7,.402,.285,.443,3.1,1.3,0.6,0.1,10.9
Marvin Bagley III\baglema01,43,25.9,.504,.343,.542,7.4,1.0,0.5,0.5,14.1
LaMelo Ball\ballla01,51,28.8,.436,.352,.504,5.9,6.1,1.6,0.4,15.7
Lonzo Ball\balllo01,55,31.8,.414,.378,.537,4.8,5.7,1.5,0.6,14.6
Mo Bamba\bambamo01,46,15.8,.472,.322,.535,5.8,0.8,0.3,1.3,8.0
Desmond Bane\banede01,68,22.3,.469,.432,.586,3.1,1.7,0.6,0.2,9.2
Harrison Barnes\barneha02,58,36.2,.497,.391,.575,6.6,3.5,0.7,0.2,16.1
RJ Barrett\barrerj01,72,34.9,.441,.401,.499,5.8,3.0,0.7,0.3,17.6
Will Barton\bartowi01,56,31.0,.426,.381,.507,4.0,3.2,0.9,0.4,12.7
Keita Bates-Diop\bateske01,30,8.2,.448,.294,.485,1.6,0.4,0.4,0.2,2.6
Nicolas Batum\batumni01,67,27.4,.464,.404,.597,4.7,2.2,1.0,0.6,8.1
Aron Baynes\baynear01,53,18.5,.441,.262,.485,5.2,0.9,0.3,0.4,6.1
Kent Bazemore\bazemke01,67,19.9,.449,.408,.545,3.4,1.6,1.0,0.5,7.2
Darius Bazley\bazleda01,55,31.2,.396,.290,.456,7.2,1.8,0.5,0.5,13.7
Bradley Beal\bealbr01,60,35.8,.485,.349,.532,4.7,4.4,1.2,0.4,31.3
Malik Beasley\beaslma01,37,32.8,.440,.399,.547,4.4,2.4,0.8,0.2,19.6
Jordan Bell\belljo01,6,13.7,.318,.000,.318,4.0,1.2,0.5,0.8,2.5
Jordan Bell\belljo01,5,13.4,.350,.000,.350,3.8,1.0,0.6,0.6,2.8
Jordan Bell\belljo01,1,15.0,.000,,.000,5.0,2.0,0.0,2.0,1.0
DeAndre' Bembry\bembrde01,51,19.1,.513,.264,.544,2.9,2.1,1.0,0.4,5.7
Dāvis Bertāns\bertada01,57,25.7,.404,.395,.581,2.9,0.9,0.6,0.2,11.5
Patrick Beverley\beverpa01,37,22.5,.423,.397,.550,3.2,2.1,0.8,0.8,7.5
Saddiq Bey\beysa01,70,27.3,.404,.380,.530,4.5,1.4,0.7,0.2,12.2
Tyler Bey\beyty01,18,3.9,.318,.250,.341,1.1,0.2,0.0,0.1,1.0
Khem Birch\birchkh01,67,22.8,.497,.250,.514,5.8,1.3,0.7,0.7,7.2
Khem Birch\birchkh01,48,19.8,.450,.190,.459,5.1,1.1,0.7,0.6,5.3
Khem Birch\birchkh01,19,30.4,.556,.290,.582,7.6,1.9,0.8,1.2,11.9
Goga Bitadze\bitadgo01,45,12.5,.428,.253,.479,3.3,0.8,0.2,1.3,5.1
Bismack Biyombo\biyombi01,66,20.4,.587,.000,.587,5.3,1.2,0.3,1.1,5.0
Nemanja Bjelica\bjeline01,37,16.1,.454,.318,.523,3.4,1.9,0.4,0.1,6.5
Nemanja Bjelica\bjeline01,26,16.9,.460,.293,.517,3.8,1.9,0.3,0.1,7.2
Nemanja Bjelica\bjeline01,11,14.2,.435,.370,.543,2.5,1.8,0.6,0.3,5.0
Eric Bledsoe\bledser01,71,29.7,.421,.341,.503,3.4,3.8,0.8,0.3,12.2
Keljin Blevins\blevike01,17,4.4,.250,.250,.300,0.6,0.2,0.1,0.0,0.7
Bogdan Bogdanović\bogdabo01,44,29.7,.473,.438,.602,3.6,3.3,1.1,0.3,16.4
Bojan Bogdanović\bogdabo02,72,30.8,.439,.390,.536,3.9,1.9,0.6,0.1,17.0
Bol Bol\bolbo01,32,5.0,.431,.375,.509,0.8,0.2,0.1,0.3,2.2
Marques Bolden\boldema01,6,4.8,.333,,.333,1.0,0.0,0.3,0.3,1.2
Jordan Bone\bonejo01,14,14.0,.426,.313,.519,1.7,1.3,0.1,0.0,4.0
Isaac Bonga\bongais01,40,10.8,.370,.277,.451,1.7,0.6,0.3,0.2,2.0
Devin Booker\bookede01,67,33.9,.484,.340,.533,4.2,4.3,0.8,0.2,25.6
Chris Boucher\bouchch01,60,24.2,.514,.383,.595,6.7,1.1,0.6,1.9,13.6
Brian Bowen\bowenbr02,6,2.5,.250,.000,.250,0.5,0.0,0.0,0.0,0.5
Avery Bradley\bradlav01,27,22.3,.374,.327,.471,2.1,1.7,0.8,0.1,6.4
Avery Bradley\bradlav01,10,21.1,.470,.421,.591,1.8,1.4,0.7,0.1,8.5
Avery Bradley\bradlav01,17,23.0,.314,.270,.395,2.3,1.9,0.8,0.1,5.2
Tony Bradley\bradlto01,42,16.3,.665,.000,.665,5.7,0.9,0.4,0.7,7.1
Tony Bradley\bradlto01,20,14.4,.680,.000,.680,5.2,0.9,0.3,0.7,5.5
Tony Bradley\bradlto01,22,18.0,.656,.000,.656,6.1,0.9,0.4,0.8,8.7
Jarrell Brantley\brantja01,28,4.9,.481,.429,.596,1.0,0.5,0.3,0.1,2.3
Ignas Brazdeikis\brazdig01,13,19.2,.422,.393,.488,3.5,1.3,0.3,0.2,7.0
Ignas Brazdeikis\brazdig01,4,1.8,.000,,.000,0.5,0.3,0.0,0.0,0.5
Ignas Brazdeikis\brazdig01,1,8.0,.000,.000,.000,2.0,0.0,0.0,0.0,0.0
Ignas Brazdeikis\brazdig01,8,29.3,.443,.407,.513,5.1,2.0,0.5,0.4,11.1
Mikal Bridges\bridgmi01,72,32.6,.543,.425,.643,4.3,2.1,1.1,0.9,13.5
Miles Bridges\bridgmi02,66,29.3,.503,.400,.596,6.0,2.2,0.7,0.8,12.7
Amida Brimah\brimaam01,5,5.8,.625,,.625,1.6,0.2,0.0,1.0,2.6
Oshae Brissett\brissos01,21,24.7,.483,.423,.593,5.5,0.9,0.9,1.0,10.9
Malcolm Brogdon\brogdma01,56,34.5,.453,.388,.527,5.3,5.9,0.9,0.3,21.2
Armoni Brooks\brookar01,20,26.0,.406,.382,.563,3.4,1.5,0.6,0.3,11.2
Dillon Brooks\brookdi01,67,29.8,.419,.344,.481,2.9,2.3,1.2,0.4,17.2
Bruce Brown\brownbr01,65,22.3,.556,.288,.576,5.4,1.6,0.9,0.4,8.8
Charlie Brown Jr.\brownch02,9,16.9,.302,.238,.360,1.9,1.0,0.4,0.2,4.4
Jaylen Brown\brownja02,58,34.5,.484,.397,.558,6.0,3.4,1.2,0.6,24.7
Moses Brown\brownmo01,43,21.4,.545,,.545,8.9,0.2,0.7,1.1,8.6
Sterling Brown\brownst02,51,24.1,.448,.423,.584,4.4,1.4,0.7,0.2,8.2
Troy Brown Jr.\browntr01,34,15.4,.431,.314,.507,3.1,0.9,0.3,0.2,4.7
Troy Brown Jr.\browntr01,21,13.7,.371,.304,.449,2.9,0.9,0.1,0.2,4.3
Troy Brown Jr.\browntr01,13,18.2,.527,.333,.600,3.4,0.8,0.5,0.2,5.5
Jalen Brunson\brunsja01,68,25.0,.523,.405,.588,3.4,3.5,0.5,0.0,12.6
Elijah Bryant\bryanel01,1,32.0,.462,.200,.500,6.0,3.0,0.0,1.0,16.0
Thomas Bryant\bryanth01,10,27.1,.648,.429,.698,6.1,1.5,0.4,0.8,14.3
Reggie Bullock\bullore01,65,30.0,.442,.410,.587,3.4,1.5,0.8,0.2,10.9
Trey Burke\burketr01,62,14.7,.428,.354,.510,0.9,1.3,0.6,0.1,6.6
Alec Burks\burksal01,49,25.6,.420,.415,.522,4.6,2.2,0.6,0.3,12.7
Jimmy Butler\butleji01,52,33.6,.497,.245,.514,6.9,7.1,2.1,0.3,21.5
Bruno Caboclo\cabocbr01,6,6.0,.471,.000,.471,2.3,0.2,0.0,0.3,2.8
Devontae Cacok\cacokde01,20,4.9,.586,,.586,1.6,0.1,0.3,0.2,2.0
Kentavious Caldwell-Pope\caldwke01,67,28.4,.431,.410,.549,2.7,1.9,0.9,0.4,9.7
Facundo Campazzo\campafa01,65,21.9,.381,.352,.502,2.1,3.6,1.2,0.2,6.1
Vlatko Čančar\cancavl01,41,6.9,.458,.273,.521,1.2,0.3,0.3,0.0,2.1
Devin Cannady\cannade01,8,9.3,.393,.375,.500,0.6,0.1,0.6,0.1,4.3
Clint Capela\capelca01,63,30.1,.594,,.594,14.3,0.8,0.7,2.0,15.2
Vernon Carey Jr.\careyve01,19,6.1,.500,.143,.514,1.4,0.1,0.1,0.3,2.4
Jevon Carter\carteje01,60,12.0,.422,.371,.547,1.5,1.2,0.5,0.2,4.1
Wendell Carter Jr.\cartewe01,54,25.5,.503,.294,.520,8.2,1.9,0.6,0.8,11.2
Wendell Carter Jr.\cartewe01,32,24.8,.512,.364,.528,7.8,2.2,0.6,0.8,10.9
Wendell Carter Jr.\cartewe01,22,26.5,.493,.241,.510,8.8,1.6,0.8,0.8,11.7
Michael Carter-Williams\cartemi01,31,25.8,.389,.246,.417,4.5,4.2,0.8,0.5,8.8
Alex Caruso\carusal01,58,21.0,.436,.401,.526,2.9,2.8,1.1,0.3,6.4
Willie Cauley-Stein\caulewi01,53,17.1,.632,.091,.635,4.5,0.7,0.4,0.8,5.3
Chris Chiozza\chiozch01,22,10.5,.352,.310,.426,1.1,3.0,0.3,0.3,4.0
Marquese Chriss\chrisma01,2,13.5,.357,.200,.393,6.5,1.0,0.0,1.0,6.5
Gary Clark\clarkga01,39,16.8,.303,.287,.420,2.9,0.8,0.3,0.2,3.1
Gary Clark\clarkga01,35,18.2,.305,.287,.424,3.2,0.9,0.3,0.2,3.4
Gary Clark\clarkga01,2,2.0,,,,0.5,0.0,0.0,0.0,0.0
Gary Clark\clarkga01,2,6.5,.000,,.000,1.0,0.5,0.5,0.0,0.0
Brandon Clarke\clarkbr01,59,24.0,.517,.260,.537,5.6,1.6,1.0,0.9,10.3
Jordan Clarkson\clarkjo01,68,26.7,.425,.347,.522,4.0,2.5,0.9,0.1,18.4
Nic Claxton\claxtni01,32,18.6,.621,.200,.624,5.2,0.9,0.7,1.3,6.6
Amir Coffey\coffeam01,44,9.0,.437,.411,.549,1.0,0.5,0.2,0.0,3.2
John Collins\collijo01,63,29.3,.556,.399,.610,7.4,1.2,0.5,1.0,17.6
Mike Conley\conlemi01,51,29.4,.444,.412,.552,3.5,6.0,1.4,0.2,16.2
Pat Connaughton\connapa01,69,22.8,.434,.371,.565,4.8,1.2,0.7,0.3,6.8
Quinn Cook\cookqu01,23,6.8,.426,.423,.507,0.7,0.8,0.2,0.0,3.3
Quinn Cook\cookqu01,16,3.9,.462,.385,.558,0.3,0.3,0.1,0.1,2.1
Quinn Cook\cookqu01,7,13.6,.405,.462,.476,1.7,1.9,0.4,0.0,6.1
Tyler Cook\cookty01,32,13.7,.670,.500,.675,3.0,0.5,0.3,0.1,4.9
Tyler Cook\cookty01,4,4.3,.333,,.333,0.5,0.5,0.0,0.0,0.5
Tyler Cook\cookty01,28,15.0,.680,.500,.685,3.3,0.5,0.3,0.1,5.5
DeMarcus Cousins\couside01,41,17.4,.426,.348,.503,6.4,1.9,0.8,0.6,8.9
DeMarcus Cousins\couside01,25,20.2,.376,.336,.469,7.6,2.4,0.8,0.7,9.6
DeMarcus Cousins\couside01,16,12.9,.537,.421,.579,4.5,1.0,0.8,0.4,7.8
Robert Covington\covinro01,70,32.0,.401,.379,.533,6.7,1.7,1.4,1.2,8.5
Torrey Craig\craigto01,50,16.1,.480,.368,.566,3.9,1.0,0.6,0.5,5.5
Torrey Craig\craigto01,18,11.2,.391,.364,.478,2.4,0.9,0.5,0.4,2.5
Torrey Craig\craigto01,32,18.8,.503,.369,.588,4.8,1.0,0.6,0.6,7.2
Jae Crowder\crowdja01,60,27.5,.404,.389,.555,4.7,2.1,0.8,0.5,10.1
Jarrett Culver\culveja01,34,14.7,.411,.245,.449,3.1,0.7,0.5,0.3,5.3
Seth Curry\curryse01,57,28.7,.467,.450,.582,2.4,2.7,0.8,0.1,12.5
Stephen Curry\curryst01,63,34.2,.482,.421,.605,5.5,5.8,1.2,0.1,32.0
Nate Darling\darlina01,7,3.7,.286,.286,.429,0.1,0.1,0.0,0.1,1.3
Anthony Davis\davisan02,36,32.3,.491,.260,.512,7.9,3.1,1.3,1.6,21.8
Ed Davis\davised01,23,13.0,.432,,.432,5.0,0.9,0.6,0.6,2.1
Terence Davis\daviste02,61,17.6,.428,.367,.535,2.5,1.4,0.7,0.2,8.7
Terence Davis\daviste02,34,14.5,.414,.361,.519,1.9,1.1,0.5,0.2,6.9
Terence Davis\daviste02,27,21.5,.439,.372,.549,3.3,1.7,1.0,0.3,11.1
Gabriel Deck\deckga01,10,21.2,.478,.133,.493,4.0,2.4,0.8,0.0,8.4
Dewayne Dedmon\dedmode01,16,13.1,.708,.200,.715,5.4,0.8,0.6,0.4,7.1
Matthew Dellavedova\dellama01,13,17.2,.250,.160,.286,1.8,4.5,0.3,0.1,2.8
DeMar DeRozan\derozde01,61,33.7,.495,.257,.505,4.2,6.9,0.9,0.2,21.6
Mamadi Diakite\diakima01,14,10.1,.400,.125,.413,2.4,0.6,0.5,0.4,3.1
Hamidou Diallo\diallha01,52,23.6,.477,.341,.506,5.2,1.9,0.8,0.5,11.6
Hamidou Diallo\diallha01,32,23.8,.481,.293,.502,5.2,2.4,1.0,0.4,11.9
Hamidou Diallo\diallha01,20,23.3,.468,.390,.514,5.4,1.2,0.5,0.6,11.2
Gorgui Dieng\dienggo01,38,14.5,.521,.429,.613,3.7,1.3,0.7,0.4,6.8
Gorgui Dieng\dienggo01,22,16.9,.519,.479,.625,4.5,1.3,0.8,0.6,7.9
Gorgui Dieng\dienggo01,16,11.3,.527,.318,.591,2.6,1.2,0.6,0.1,5.3
Spencer Dinwiddie\dinwisp01,3,21.3,.375,.286,.438,4.3,3.0,0.7,0.3,6.7
Donte DiVincenzo\divindo01,66,27.5,.420,.379,.528,5.8,3.1,1.1,0.2,10.4
Luka Dončić\doncilu01,66,34.3,.479,.350,.550,8.0,8.6,1.0,0.5,27.7
Luguentz Dort\dortlu01,52,29.7,.387,.343,.475,3.6,1.7,0.9,0.4,14.0
Damyean Dotson\dotsoda01,46,19.7,.406,.289,.485,2.0,2.0,0.3,0.1,6.7
Devon Dotson\dotsode01,11,4.5,.524,.143,.548,0.5,0.6,0.4,0.0,2.1
Sekou Doumbouya\doumbse01,56,15.5,.379,.226,.426,2.6,0.8,0.4,0.2,5.1
PJ Dozier\doziepj01,50,21.8,.417,.315,.483,3.6,1.8,0.6,0.4,7.7
Goran Dragić\dragigo01,50,26.7,.432,.373,.514,3.4,4.4,0.7,0.2,13.4
Andre Drummond\drumman01,46,27.0,.493,.000,.493,12.0,2.0,1.4,1.1,14.9
Andre Drummond\drumman01,25,28.9,.474,.000,.474,13.5,2.6,1.6,1.2,17.5
Andre Drummond\drumman01,21,24.8,.531,,.531,10.2,1.4,1.1,1.0,11.9
Jared Dudley\dudleja01,12,6.8,.222,.333,.333,1.8,0.4,0.1,0.1,0.5
Kris Dunn\dunnkr01,4,11.3,.083,.000,.083,1.5,0.5,0.5,0.5,1.3
Kevin Durant\duranke01,35,33.1,.537,.450,.608,7.1,5.6,0.7,1.3,26.9
Anthony Edwards\edwaran01,72,32.1,.417,.329,.488,4.7,2.9,1.1,0.5,19.3
Carsen Edwards\edwarca01,31,8.9,.423,.286,.505,0.8,0.5,0.2,0.0,4.0
CJ Elleby\ellebcj01,30,6.4,.379,.206,.432,1.1,0.3,0.2,0.1,2.3
Henry Ellenson\ellenhe01,2,19.0,.357,.222,.429,6.0,2.5,0.0,0.0,7.5
Wayne Ellington\ellinwa01,46,22.0,.441,.422,.612,1.8,1.5,0.4,0.2,9.6
Joel Embiid\embiijo01,51,31.1,.513,.377,.545,10.6,2.8,1.0,1.4,28.5
James Ennis III\ennisja01,41,24.0,.473,.433,.566,4.0,1.5,0.8,0.2,8.4
Drew Eubanks\eubandr01,54,14.0,.566,1.000,.571,4.5,0.8,0.3,0.9,5.8
Dante Exum\exumda01,6,19.3,.385,.182,.423,2.8,2.2,0.7,0.3,3.8
Tacko Fall\fallta01,19,7.2,.724,,.724,2.7,0.2,0.1,1.1,2.5
Derrick Favors\favorde01,68,15.3,.638,.000,.638,5.5,0.6,0.5,1.0,5.4
Cristiano Felício\feliccr01,18,4.7,.538,.000,.538,1.4,0.5,0.2,0.0,1.3
Terrance Ferguson\fergute01,13,3.8,.143,.000,.143,0.1,0.2,0.1,0.0,0.2
Bruno Fernando\fernabr01,33,6.8,.409,.000,.409,2.4,0.3,0.1,0.1,1.5
Yogi Ferrell\ferreyo01,10,13.6,.351,.321,.430,1.9,2.2,0.7,0.3,5.6
Yogi Ferrell\ferreyo01,2,20.0,.381,.333,.452,3.5,2.5,1.5,0.5,9.5
Yogi Ferrell\ferreyo01,8,12.0,.333,.316,.417,1.5,2.1,0.5,0.3,4.6
Dorian Finney-Smith\finnedo01,60,32.0,.472,.394,.600,5.4,1.7,0.9,0.4,9.8
Malik Fitts\fittsma01,3,3.7,.333,.500,.500,1.0,0.0,0.0,0.0,1.0
Malachi Flynn\flynnma01,47,19.7,.374,.321,.453,2.5,2.9,0.8,0.1,7.5
Bryn Forbes\forbebr01,70,19.3,.473,.452,.618,1.6,0.6,0.3,0.0,10.0
Trent Forrest\forretr01,30,10.1,.451,.192,.486,1.5,1.5,0.3,0.1,2.9
Evan Fournier\fournev01,42,30.0,.457,.413,.565,3.0,3.4,1.1,0.5,17.1
Evan Fournier\fournev01,26,30.3,.461,.388,.560,2.9,3.7,1.0,0.3,19.7
Evan Fournier\fournev01,16,29.5,.448,.463,.576,3.3,3.1,1.3,0.6,13.0
De'Aaron Fox\foxde01,58,35.1,.477,.322,.523,3.5,7.2,1.5,0.5,25.2
Robert Franks\frankro01,7,14.4,.464,.333,.554,2.0,0.7,0.4,0.4,6.1
Tim Frazier\fraziti01,5,12.4,.150,.000,.150,1.6,3.2,0.4,0.2,1.6
Enes Freedom\kanteen01,72,24.4,.604,.250,.605,11.0,1.2,0.5,0.7,11.2
Markelle Fultz\fultzma01,8,26.9,.394,.250,.413,3.1,5.4,1.0,0.3,12.9
Wenyen Gabriel\gabriwe01,21,11.5,.400,.406,.508,2.6,0.5,0.4,0.4,3.4
Daniel Gafford\gaffoda01,54,14.6,.684,,.684,4.3,0.5,0.5,1.4,7.0
Daniel Gafford\gaffoda01,31,12.4,.690,,.690,3.3,0.5,0.4,1.1,4.7
Daniel Gafford\gaffoda01,23,17.7,.681,,.681,5.6,0.5,0.7,1.8,10.1
Danilo Gallinari\gallida01,51,24.0,.434,.406,.542,4.1,1.5,0.6,0.2,13.3
Langston Galloway\gallola01,40,11.0,.449,.424,.571,1.1,0.7,0.2,0.0,4.8
Darius Garland\garlada01,54,33.1,.451,.395,.517,2.4,6.1,1.2,0.1,17.4
Marc Gasol\gasolma01,52,19.1,.454,.410,.582,4.1,2.1,0.5,1.1,5.0
Rudy Gay\gayru01,63,21.6,.420,.381,.505,4.8,1.4,0.7,0.6,11.4
Paul George\georgpa01,54,33.7,.467,.411,.557,6.6,5.2,1.1,0.4,23.3
Taj Gibson\gibsota01,45,20.8,.627,.200,.636,5.6,0.8,0.7,1.1,5.4
Harry Giles\gilesha01,38,9.2,.433,.348,.474,3.5,0.8,0.2,0.3,2.8
Shai Gilgeous-Alexander\gilgesh01,35,33.7,.508,.418,.571,4.7,5.9,0.8,0.7,23.7
Anthony Gill\gillan01,26,8.4,.500,.292,.558,2.0,0.4,0.4,0.2,3.1
Freddie Gillespie\gillefr01,20,19.6,.524,,.524,4.9,0.5,0.7,1.0,5.6
Rudy Gobert\goberru01,71,30.8,.675,.000,.675,13.5,1.3,0.6,2.7,14.3
Brandon Goodwin\goodwbr01,47,13.2,.377,.311,.448,1.5,2.0,0.4,0.0,4.9
Aaron Gordon\gordoaa01,50,27.7,.463,.335,.522,5.7,3.2,0.7,0.7,12.4
Aaron Gordon\gordoaa01,25,29.4,.437,.375,.509,6.6,4.2,0.6,0.8,14.6
Aaron Gordon\gordoaa01,25,25.9,.500,.266,.541,4.7,2.2,0.7,0.6,10.2
Eric Gordon\gordoer01,27,29.2,.433,.329,.527,2.1,2.6,0.5,0.5,17.8
Devonte' Graham\grahade01,55,30.2,.377,.375,.510,2.7,5.4,0.9,0.1,14.8
Jerami Grant\grantje01,54,33.9,.429,.350,.491,4.6,2.8,0.6,1.1,22.3
Danny Green\greenda02,69,28.0,.412,.405,.573,3.8,1.7,1.3,0.8,9.5
Draymond Green\greendr01,63,31.5,.447,.270,.492,7.1,8.9,1.7,0.8,7.0
JaMychal Green\greenja01,58,19.3,.463,.399,.568,4.8,0.9,0.4,0.4,8.1
Javonte Green\greenja02,41,11.5,.520,.333,.569,1.7,0.4,0.7,0.1,3.6
Javonte Green\greenja02,25,13.8,.549,.318,.599,2.1,0.4,0.7,0.1,4.2
Javonte Green\greenja02,16,8.0,.452,.375,.500,1.2,0.4,0.6,0.3,2.6
Jeff Green\greenje02,68,27.0,.492,.412,.590,3.9,1.6,0.5,0.4,11.0
Josh Green\greenjo02,39,11.4,.452,.160,.473,2.0,0.7,0.4,0.1,2.6
Blake Griffin\griffbl01,46,25.8,.423,.341,.509,4.9,3.0,0.7,0.3,11.0
Blake Griffin\griffbl01,20,31.3,.365,.315,.453,5.2,3.9,0.7,0.1,12.3
Blake Griffin\griffbl01,26,21.5,.492,.383,.574,4.7,2.4,0.7,0.5,10.0
Kyle Guy\guyky01,31,7.6,.330,.283,.403,1.1,1.0,0.2,0.0,2.8
Rui Hachimura\hachiru01,57,31.5,.478,.328,.513,5.5,1.4,0.8,0.1,13.8
Ashton Hagans\haganas01,2,2.0,,,,0.0,0.0,0.0,0.0,0.0
Tyrese Haliburton\halibty01,58,30.1,.472,.409,.569,3.0,5.3,1.3,0.5,13.0
Donta Hall\halldo01,13,13.8,.714,,.714,4.8,0.8,0.4,0.8,5.6
Josh Hall\halljo01,21,16.0,.303,.108,.323,2.8,1.3,0.2,0.0,4.1
R.J. Hampton\hamptrj01,51,17.4,.435,.310,.478,3.5,1.7,0.4,0.2,6.9
R.J. Hampton\hamptrj01,25,9.3,.417,.278,.458,2.0,0.6,0.2,0.1,2.6
R.J. Hampton\hamptrj01,26,25.2,.439,.319,.482,5.0,2.8,0.6,0.3,11.2
Tim Hardaway Jr.\hardati02,70,28.4,.447,.391,.560,3.3,1.8,0.4,0.2,16.6
James Harden\hardeja01,44,36.6,.466,.362,.548,7.9,10.8,1.2,0.8,24.6
James Harden\hardeja01,8,36.3,.444,.347,.537,5.1,10.4,0.9,0.8,24.8
James Harden\hardeja01,36,36.6,.471,.366,.551,8.5,10.9,1.3,0.8,24.6
Maurice Harkless\harklma01,37,20.9,.418,.274,.488,2.4,1.2,0.8,0.5,5.2
Maurice Harkless\harklma01,11,11.3,.385,.455,.577,1.2,0.6,0.2,0.4,1.4
Maurice Harkless\harklma01,26,24.9,.421,.247,.480,2.9,1.4,1.1,0.6,6.9
Jared Harper\harpeja01,8,2.0,.000,.000,.000,0.3,0.1,0.0,0.0,0.4
Montrezl Harrell\harremo01,69,22.9,.622,.000,.622,6.2,1.1,0.7,0.7,13.5
Gary Harris\harriga01,39,27.7,.400,.340,.470,2.0,2.0,0.7,0.3,9.9
Gary Harris\harriga01,19,30.6,.442,.320,.519,2.5,1.7,0.9,0.2,9.7
Gary Harris\harriga01,20,25.0,.365,.364,.429,1.6,2.3,0.6,0.4,10.2
Jalen Harris\harrija01,13,13.2,.500,.472,.618,1.4,1.3,0.6,0.0,7.4
Joe Harris\harrijo01,69,31.0,.505,.475,.654,3.6,1.9,0.7,0.2,14.1
Tobias Harris\harrito02,62,32.5,.512,.394,.556,6.8,3.5,0.9,0.8,19.5
Shaquille Harrison\harrish01,34,9.8,.333,.188,.353,1.4,0.7,0.5,0.1,2.1
Shaquille Harrison\harrish01,17,3.3,.300,.000,.300,0.5,0.5,0.1,0.0,1.0
Shaquille Harrison\harrish01,17,16.3,.345,.214,.371,2.3,0.9,0.9,0.3,3.3
Josh Hart\hartjo01,47,28.7,.439,.326,.531,8.0,2.3,0.8,0.3,9.2
Isaiah Hartenstein\harteis01,46,12.2,.550,.333,.556,3.9,1.2,0.4,0.8,5.1
Isaiah Hartenstein\harteis01,30,9.1,.513,,.513,2.8,0.5,0.4,0.7,3.5
Isaiah Hartenstein\harteis01,16,17.9,.582,.333,.593,6.0,2.5,0.5,1.2,8.3
Udonis Haslem\hasleud01,1,3.0,1.000,,1.000,1.0,0.0,0.0,0.0,4.0
Jaxson Hayes\hayesja02,60,16.1,.625,.429,.636,4.3,0.6,0.4,0.6,7.5
Killian Hayes\hayeski01,26,25.8,.353,.278,.403,2.7,5.3,1.0,0.4,6.8
Gordon Hayward\haywago01,44,34.0,.473,.415,.537,5.9,4.1,1.2,0.3,19.6
Juancho Hernangómez\hernaju01,52,17.3,.435,.327,.527,3.9,0.7,0.4,0.1,7.2
Willy Hernangómez\hernawi01,47,18.0,.563,.100,.565,7.1,1.1,0.5,0.5,7.8
Tyler Herro\herroty01,54,30.3,.439,.360,.516,5.0,3.4,0.6,0.3,15.1
Buddy Hield\hieldbu01,71,34.3,.406,.391,.548,4.7,3.6,0.9,0.4,16.6
George Hill\hillge01,30,22.4,.482,.388,.561,2.0,2.4,0.8,0.2,8.7
George Hill\hillge01,14,26.4,.508,.386,.600,2.1,3.1,0.9,0.1,11.8
George Hill\hillge01,16,18.9,.442,.391,.500,2.0,1.9,0.7,0.2,6.0
Solomon Hill\hillso01,71,21.3,.359,.321,.473,3.0,1.1,0.7,0.2,4.5
Nate Hinton\hintona01,21,4.4,.357,.211,.405,0.4,0.4,0.3,0.1,2.0
Jaylen Hoard\hoardja01,19,16.8,.500,.000,.500,3.4,1.3,0.7,0.3,6.1
Aaron Holiday\holidaa01,66,17.8,.390,.368,.467,1.3,1.9,0.7,0.2,7.2
Jrue Holiday\holidjr01,59,32.3,.503,.392,.570,4.5,6.1,1.6,0.6,17.7
Justin Holiday\holidju01,72,30.3,.413,.382,.551,3.6,1.7,1.0,0.6,10.5
Rondae Hollis-Jefferson\holliro01,11,9.7,.500,.000,.500,2.4,1.2,0.2,0.4,2.5
Richaun Holmes\holmeri01,61,29.2,.637,.182,.638,8.3,1.7,0.6,1.6,14.2
Rodney Hood\hoodro01,55,17.1,.362,.301,.427,1.9,1.0,0.4,0.1,4.5
Rodney Hood\hoodro01,38,19.1,.363,.298,.425,1.9,1.2,0.5,0.1,4.7
Rodney Hood\hoodro01,17,12.7,.356,.310,.432,1.8,0.4,0.2,0.2,3.9
Al Horford\horfoal01,28,27.9,.450,.368,.528,6.7,3.4,0.9,0.9,14.2
Talen Horton-Tucker\hortota01,65,20.1,.458,.282,.496,2.6,2.8,1.0,0.3,9.0
Danuel House Jr.\houseda01,36,25.9,.404,.346,.504,3.7,1.9,0.6,0.4,8.8
Dwight Howard\howardw01,69,17.3,.587,.250,.596,8.4,0.9,0.4,0.9,7.0
Markus Howard\howarma02,37,5.5,.377,.277,.462,0.6,0.5,0.1,0.0,2.8
Kevin Huerter\huertke01,69,30.8,.432,.363,.528,3.3,3.5,1.2,0.3,11.9
Elijah Hughes\hugheel01,18,3.6,.333,.348,.467,0.5,0.3,0.1,0.1,1.7
De'Andre Hunter\huntede01,23,29.5,.484,.326,.546,4.8,1.9,0.8,0.5,15.0
Chandler Hutchison\hutchch01,25,13.8,.379,.364,.417,3.1,0.7,0.5,0.2,4.3
Chandler Hutchison\hutchch01,7,9.1,.278,.333,.306,2.9,0.6,0.1,0.0,1.9
Chandler Hutchison\hutchch01,18,15.7,.400,.368,.441,3.2,0.7,0.6,0.3,5.2
Serge Ibaka\ibakase01,41,23.3,.510,.339,.563,6.7,1.8,0.2,1.1,11.1
Andre Iguodala\iguodan01,63,21.3,.383,.330,.504,3.5,2.3,0.9,0.6,4.4
Ersan İlyasova\ilyaser01,17,8.7,.389,.439,.556,1.7,0.2,0.6,0.2,3.8
Joe Ingles\inglejo01,67,27.9,.489,.451,.652,3.6,4.7,0.7,0.2,12.1
Brandon Ingram\ingrabr01,61,34.3,.466,.381,.531,4.9,4.9,0.7,0.6,23.8
Kyrie Irving\irvinky01,54,34.9,.506,.402,.576,4.8,6.0,1.4,0.7,26.9
Wes Iwundu\iwundwe01,41,13.1,.333,.122,.358,2.2,0.4,0.4,0.1,2.4
Wes Iwundu\iwundwe01,23,12.5,.327,.130,.356,1.9,0.4,0.4,0.1,2.1
Wes Iwundu\iwundwe01,18,13.9,.340,.111,.360,2.6,0.4,0.3,0.1,2.8
Frank Jackson\jacksfr01,40,18.5,.457,.407,.561,2.2,0.9,0.4,0.0,9.8
Jaren Jackson Jr.\jacksja02,11,23.5,.424,.283,.492,5.6,1.1,1.1,1.6,14.4
Josh Jackson\jacksjo02,62,25.2,.419,.300,.473,4.1,2.3,0.9,0.8,13.4
Justin Jackson\jacksju01,34,17.0,.403,.308,.484,2.3,1.5,0.4,0.1,7.2
Justin Jackson\jacksju01,33,16.5,.406,.306,.486,2.2,1.5,0.5,0.1,7.2
Justin Jackson\jacksju01,1,33.0,.333,.333,.444,6.0,1.0,0.0,0.0,9.0
Reggie Jackson\jacksre01,67,23.0,.450,.433,.554,2.9,3.1,0.6,0.1,10.7
Justin James\jamesju01,36,8.6,.468,.368,.532,0.8,0.6,0.2,0.1,3.9
LeBron James\jamesle01,45,33.4,.513,.365,.576,7.7,7.8,1.1,0.6,25.0
Mike James\jamesmi02,13,18.2,.370,.355,.429,2.5,4.2,0.5,0.1,7.7
DaQuan Jeffries\jeffrda01,31,15.9,.417,.299,.500,2.3,0.7,0.5,0.3,4.1
DaQuan Jeffries\jeffrda01,18,12.9,.421,.321,.500,1.6,0.3,0.4,0.2,3.5
DaQuan Jeffries\jeffrda01,13,20.1,.413,.282,.500,3.2,1.2,0.6,0.5,4.9
Ty Jerome\jeromty01,33,23.9,.446,.423,.570,2.8,3.6,0.6,0.2,10.7
Isaiah Joe\joeis01,41,9.3,.361,.368,.508,0.9,0.5,0.3,0.1,3.7
Alize Johnson\johnsal02,18,10.5,.588,.167,.596,5.0,0.8,0.3,0.3,5.2
Cameron Johnson\johnsca02,60,24.0,.420,.349,.541,3.3,1.4,0.6,0.3,9.6
James Johnson\johnsja01,51,20.5,.446,.258,.494,3.5,1.9,0.8,0.8,7.2
James Johnson\johnsja01,29,17.4,.462,.250,.514,3.0,1.7,0.8,0.8,5.7
James Johnson\johnsja01,22,24.5,.434,.267,.478,4.1,2.2,0.8,0.9,9.2
Keldon Johnson\johnske04,69,28.5,.479,.331,.522,6.0,1.8,0.6,0.3,12.8
Stanley Johnson\johnsst04,61,16.5,.382,.328,.479,2.5,1.5,0.9,0.3,4.4
Tyler Johnson\johnsty01,39,17.5,.393,.364,.525,2.0,1.2,0.4,0.0,5.4
Nikola Jokić\jokicni01,72,34.6,.566,.388,.602,10.8,8.3,1.3,0.7,26.4
Damian Jones\jonesda03,39,14.0,.680,.200,.684,3.1,0.7,0.3,0.7,4.7
Damian Jones\jonesda03,14,6.7,.500,.000,.500,1.3,0.3,0.1,0.4,1.6
Damian Jones\jonesda03,8,14.0,.941,,.941,3.3,0.1,0.1,0.9,5.4
Damian Jones\jonesda03,17,20.1,.657,.250,.664,4.5,1.4,0.5,1.0,6.9
Derrick Jones Jr.\jonesde02,58,22.7,.484,.316,.554,3.5,0.8,0.6,0.9,6.8
Mason Jones\jonesma05,32,10.4,.423,.364,.520,1.7,1.3,0.2,0.0,5.3
Mason Jones\jonesma05,26,11.8,.412,.359,.513,2.0,1.5,0.2,0.0,5.8
Mason Jones\jonesma05,6,4.5,.556,.500,.611,0.7,0.5,0.2,0.0,2.7
Tre Jones\jonestr01,37,7.3,.474,.600,.494,0.6,1.1,0.2,0.0,2.5
Tyus Jones\jonesty01,70,17.5,.431,.321,.485,2.0,3.7,0.9,0.1,6.3
DeAndre Jordan\jordade01,57,21.9,.763,.000,.763,7.5,1.6,0.3,1.1,7.5
Cory Joseph\josepco01,63,23.0,.469,.341,.522,2.5,3.4,1.0,0.3,8.2
Cory Joseph\josepco01,44,21.5,.444,.330,.506,2.3,2.5,0.9,0.2,6.6
Cory Joseph\josepco01,19,26.4,.506,.368,.545,3.2,5.5,1.2,0.5,12.0
Mfiondu Kabengele\kabenmf01,39,7.2,.371,.260,.444,1.5,0.4,0.2,0.3,2.4
Mfiondu Kabengele\kabenmf01,23,4.1,.281,.222,.344,0.6,0.2,0.1,0.1,1.2
Mfiondu Kabengele\kabenmf01,16,11.6,.421,.281,.500,2.9,0.8,0.4,0.6,4.3
Frank Kaminsky\kaminfr01,47,15.2,.471,.365,.531,4.0,1.7,0.3,0.4,6.6
Luke Kennard\kennalu01,63,19.6,.476,.446,.597,2.6,1.7,0.4,0.1,8.3
Louis King\kinglo02,6,14.2,.500,.364,.559,3.0,1.5,1.2,0.5,7.3
Maxi Kleber\klebima01,50,26.8,.422,.410,.580,5.2,1.4,0.5,0.7,7.1
Nathan Knight\knighna01,33,8.5,.370,.182,.400,2.2,0.2,0.3,0.3,3.8
Kevin Knox\knoxke01,42,11.0,.392,.393,.514,1.5,0.5,0.3,0.1,3.9
John Konchar\konchjo01,43,13.4,.500,.375,.576,3.0,1.1,0.7,0.2,4.3
Furkan Korkmaz\korkmfu01,55,19.3,.401,.375,.520,2.1,1.5,0.9,0.2,9.1
Luke Kornet\kornelu01,31,11.2,.436,.254,.510,2.2,0.8,0.1,1.0,3.4
Luke Kornet\kornelu01,13,7.2,.333,.261,.444,1.2,0.3,0.2,0.5,2.0
Luke Kornet\kornelu01,18,14.1,.473,.250,.534,2.9,1.1,0.1,1.4,4.4
Rodions Kurucs\kurucro01,21,6.0,.344,.286,.438,1.1,0.5,0.4,0.2,1.5
Rodions Kurucs\kurucro01,5,3.2,.333,.500,.500,0.6,0.4,0.0,0.0,0.6
Rodions Kurucs\kurucro01,11,6.8,.238,.133,.286,1.0,0.4,0.5,0.4,1.2
Rodions Kurucs\kurucro01,5,6.8,.625,.750,.813,1.8,0.8,0.6,0.0,3.0
Kyle Kuzma\kuzmaky01,68,28.7,.443,.361,.533,6.1,1.9,0.5,0.6,12.9
Anthony Lamb\lamban01,24,17.3,.390,.324,.487,2.9,1.0,0.3,0.2,5.5
Jeremy Lamb\lambje01,36,21.3,.435,.406,.529,3.6,1.5,0.9,0.6,10.1
Romeo Langford\langfro01,18,15.7,.356,.278,.398,1.9,0.7,0.3,0.3,3.1
Zach LaVine\lavinza01,58,35.1,.507,.419,.596,5.0,4.9,0.8,0.5,27.4
Jake Layman\laymaja01,45,13.9,.495,.295,.557,1.5,0.6,0.6,0.4,5.1
T.J. Leaf\leaftj01,7,5.0,.500,,.500,0.7,0.1,0.3,0.1,1.7
Jalen Lecque\lecquja01,4,3.0,.111,.000,.111,1.3,0.5,0.0,0.0,1.3
Damion Lee\leeda03,57,18.9,.467,.397,.608,3.2,1.3,0.7,0.1,6.5
Saben Lee\leesa01,48,16.3,.471,.348,.490,2.0,3.6,0.7,0.3,5.6
Alex Len\lenal01,64,15.3,.615,.320,.629,4.1,0.8,0.3,1.0,6.6
Alex Len\lenal01,7,10.9,.500,.500,.650,1.6,0.4,0.1,0.9,2.3
Alex Len\lenal01,57,15.8,.619,.263,.629,4.4,0.8,0.3,1.0,7.1
Kawhi Leonard\leonaka01,52,34.1,.512,.398,.568,6.5,5.2,1.6,0.4,24.8
Meyers Leonard\leoname01,3,9.7,.429,.429,.643,2.3,0.7,0.0,0.0,3.3
Caris LeVert\leverca01,47,31.6,.441,.326,.493,4.6,5.2,1.4,0.6,20.2
Caris LeVert\leverca01,12,27.8,.435,.349,.490,4.3,6.0,1.1,0.5,18.5
Caris LeVert\leverca01,35,32.9,.443,.318,.493,4.6,4.9,1.5,0.7,20.7
Kira Lewis Jr.\lewiski01,54,16.7,.386,.333,.445,1.3,2.3,0.7,0.2,6.4
Damian Lillard\lillada01,67,35.8,.451,.391,.554,4.2,7.5,0.9,0.3,28.8
Nassir Little\littlna01,48,13.3,.467,.350,.551,2.7,0.5,0.1,0.3,4.6
Kevon Looney\looneke01,61,19.0,.548,.235,.558,5.3,2.0,0.3,0.4,4.1
Brook Lopez\lopezbr01,70,27.2,.503,.338,.577,5.0,0.7,0.6,1.5,12.3
Robin Lopez\lopezro01,71,19.1,.633,.278,.639,3.8,0.8,0.2,0.6,9.0
Didi Louzada\louzama01,3,18.7,.231,.250,.308,1.0,1.0,0.7,0.0,2.7
Kevin Love\loveke01,25,24.9,.409,.365,.522,7.4,2.5,0.6,0.1,12.2
Kyle Lowry\lowryky01,46,34.8,.436,.396,.546,5.4,7.3,1.0,0.3,17.2
Timothé Luwawu-Cabarrot\luwawti01,58,18.1,.365,.314,.471,2.2,1.2,0.6,0.1,6.4
Trey Lyles\lylestr01,23,15.6,.478,.350,.556,3.7,0.6,0.3,0.0,5.0
Will Magnay\magnawi01,1,3.0,.000,.000,.000,0.0,0.0,0.0,0.0,0.0
Thon Maker\makerth01,8,9.5,.556,.000,.556,2.3,0.5,0.3,0.5,3.8
Théo Maledon\maledth01,65,27.4,.368,.335,.454,3.2,3.5,0.9,0.2,10.1
Karim Mané\maneka01,10,8.8,.231,.500,.269,1.4,0.4,0.0,0.2,1.1
Terance Mann\mannte01,67,18.9,.509,.418,.563,3.6,1.6,0.4,0.2,7.0
Nico Mannion\mannini01,30,12.1,.342,.367,.439,1.5,2.3,0.5,0.0,4.1
Boban Marjanović\marjabo01,33,8.2,.508,.125,.512,3.9,0.3,0.1,0.2,4.7
Lauri Markkanen\markkla01,51,25.8,.480,.402,.594,5.3,0.9,0.5,0.3,13.6
Naji Marshall\marshna01,32,21.9,.392,.349,.462,4.6,2.8,0.8,0.3,7.7
Caleb Martin\martica02,53,15.4,.375,.248,.436,2.7,1.3,0.7,0.2,5.0
Cody Martin\martico01,52,16.3,.441,.276,.484,3.1,1.7,0.7,0.2,4.0
Jeremiah Martin\martije02,9,8.3,.273,.250,.318,0.8,0.4,0.6,0.2,2.4
Kelan Martin\martike03,35,9.2,.449,.400,.536,2.2,0.5,0.3,0.3,4.5
Kenyon Martin Jr.\martike04,45,23.7,.509,.365,.564,5.4,1.1,0.7,0.9,9.3
Frank Mason III\masonfr01,4,19.8,.375,.400,.417,3.0,3.0,0.0,0.0,6.3
Garrison Mathews\mathega01,64,16.2,.409,.384,.570,1.4,0.4,0.5,0.1,5.5
Dakota Mathias\mathida01,8,15.4,.396,.308,.479,0.9,1.6,0.1,0.4,6.0
Wesley Matthews\matthwe02,58,19.5,.353,.335,.484,1.6,0.9,0.7,0.3,4.8
Tyrese Maxey\maxeyty01,61,15.3,.462,.301,.498,1.7,2.0,0.4,0.2,8.0
Skylar Mays\mayssk01,33,8.2,.449,.350,.520,1.1,0.9,0.4,0.1,3.8
Patrick McCaw\mccawpa01,5,6.6,1.000,,1.000,0.6,0.8,0.4,0.0,1.0
CJ McCollum\mccolcj01,47,34.0,.458,.402,.554,3.9,4.7,0.9,0.4,23.1
T.J. McConnell\mccontj01,69,26.0,.559,.313,.574,3.7,6.6,1.9,0.3,8.6
Jaden McDaniels\mcdanja02,63,24.0,.447,.364,.545,3.7,1.1,0.6,1.0,6.8
Jalen McDaniels\mcdanja01,47,19.2,.468,.333,.530,3.6,1.1,0.6,0.4,7.4
Doug McDermott\mcderdo01,66,24.5,.532,.388,.616,3.3,1.3,0.3,0.1,13.6
Sean McDermott\mcderse01,18,8.8,.394,.227,.470,1.1,0.2,0.1,0.2,2.2
JaVale McGee\mcgeeja01,46,14.7,.511,.208,.520,5.2,0.8,0.4,1.2,7.3
JaVale McGee\mcgeeja01,33,15.2,.521,.250,.533,5.2,1.0,0.5,1.2,8.0
JaVale McGee\mcgeeja01,13,13.5,.478,.000,.478,5.3,0.5,0.2,1.1,5.5
Rodney McGruder\mcgruro01,16,12.1,.529,.458,.607,1.4,1.0,0.5,0.1,5.7
Alfonzo McKinnie\mckinal01,39,6.6,.516,.410,.602,1.4,0.2,0.2,0.0,3.1
Jordan McLaughlin\mclaujo01,51,18.4,.413,.359,.481,2.1,3.8,1.0,0.1,5.0
Ben McLemore\mclembe01,53,17.1,.370,.346,.503,1.9,0.7,0.4,0.2,7.7
Ben McLemore\mclembe01,32,16.8,.357,.331,.480,2.1,0.9,0.6,0.1,7.4
Ben McLemore\mclembe01,21,17.5,.390,.368,.539,1.6,0.5,0.1,0.3,8.0
Nicolò Melli\mellini01,45,12.6,.326,.271,.408,2.7,1.0,0.3,0.1,3.0
Nicolò Melli\mellini01,22,11.0,.254,.189,.314,2.6,1.1,0.4,0.0,2.0
Nicolò Melli\mellini01,23,14.1,.378,.333,.476,2.8,0.8,0.2,0.1,4.0
De'Anthony Melton\meltode01,52,20.1,.438,.412,.548,3.1,2.5,1.2,0.6,9.1
Sam Merrill\merrisa01,30,7.8,.444,.447,.590,1.0,0.7,0.3,0.0,3.0
Chimezie Metu\metuch01,36,13.6,.508,.351,.545,3.1,0.8,0.4,0.5,6.3
Khris Middleton\middlkh01,68,33.4,.476,.414,.546,6.0,5.4,1.1,0.1,20.4
Darius Miller\milleda01,18,10.9,.458,.405,.635,1.3,1.2,0.7,0.3,4.1
Patty Mills\millspa02,68,24.8,.412,.375,.544,1.7,2.4,0.6,0.0,10.8
Paul Millsap\millspa01,56,20.8,.476,.343,.537,4.7,1.8,0.9,0.6,9.0
Shake Milton\miltosh01,63,23.2,.450,.350,.503,2.3,3.1,0.6,0.3,13.0
Donovan Mitchell\mitchdo01,53,33.4,.438,.386,.520,4.4,5.2,1.0,0.3,26.4
Adam Mokoka\mokokad01,14,4.0,.368,.100,.395,0.4,0.4,0.1,0.1,1.1
Malik Monk\monkma01,42,20.9,.434,.401,.540,2.4,2.1,0.5,0.1,11.7
E'Twaun Moore\mooreet01,27,14.4,.455,.314,.500,1.7,1.5,0.6,0.2,4.9
Ja Morant\moranja01,63,32.6,.449,.303,.487,4.0,7.4,0.9,0.2,19.1
Juwan Morgan\morgaju01,29,5.1,.467,.308,.533,1.0,0.3,0.1,0.0,1.2
Marcus Morris\morrima03,57,26.4,.473,.473,.592,4.1,1.0,0.6,0.3,13.4
Markieff Morris\morrima02,61,19.7,.405,.311,.491,4.4,1.2,0.4,0.3,6.7
Monte Morris\morrimo01,47,25.4,.481,.381,.547,2.0,3.2,0.7,0.3,10.2
Mychal Mulder\muldemy01,60,12.8,.449,.397,.609,1.0,0.4,0.2,0.2,5.6
Dejounte Murray\murrade01,67,31.9,.453,.317,.485,7.1,5.4,1.5,0.1,15.7
Jamal Murray\murraja01,48,35.5,.477,.408,.559,4.0,4.8,1.3,0.3,21.2
Mike Muscala\muscami01,35,18.4,.446,.370,.573,3.8,0.8,0.2,0.3,9.7
Svi Mykhailiuk\mykhasv01,66,20.1,.411,.334,.515,2.5,1.7,0.8,0.2,8.5
Svi Mykhailiuk\mykhasv01,36,17.6,.377,.333,.504,2.1,1.6,0.8,0.2,6.9
Svi Mykhailiuk\mykhasv01,30,23.0,.438,.336,.523,3.0,1.8,0.8,0.2,10.3
Abdel Nader\naderab01,24,14.8,.491,.419,.569,2.6,0.8,0.4,0.4,6.7
Larry Nance Jr.\nancela02,35,31.2,.471,.360,.546,6.7,3.1,1.7,0.5,9.3
Aaron Nesmith\nesmiaa01,46,14.5,.438,.370,.551,2.8,0.5,0.3,0.2,4.7
Raul Neto\netora01,64,21.9,.468,.390,.539,2.4,2.3,1.1,0.1,8.7
Georges Niang\niangge01,72,16.0,.437,.425,.590,2.4,0.8,0.3,0.1,6.9
Zeke Nnaji\nnajize01,42,9.5,.481,.407,.596,1.5,0.2,0.2,0.1,3.2
Nerlens Noel\noelne01,64,24.2,.614,.000,.614,6.4,0.7,1.1,2.2,5.1
Jaylen Nowell\nowelja01,42,18.1,.424,.333,.499,2.3,1.5,0.5,0.3,9.0
Frank Ntilikina\ntilila01,33,9.8,.367,.479,.513,0.9,0.6,0.5,0.1,2.7
Kendrick Nunn\nunnke01,56,29.5,.485,.381,.578,3.2,2.6,0.9,0.3,14.6
James Nunnally\nunnaja01,9,5.3,.385,.333,.538,1.0,0.3,0.0,0.0,1.7
Jusuf Nurkić\nurkiju01,37,23.8,.514,.400,.532,9.0,3.4,1.0,1.1,11.5
David Nwaba\nwabada01,30,22.6,.486,.270,.525,3.9,1.0,1.0,0.7,9.2
Jordan Nwora\nworajo01,30,9.1,.459,.452,.563,2.0,0.2,0.5,0.2,5.7
Royce O'Neale\onealro01,71,31.6,.444,.385,.580,6.8,2.5,0.8,0.5,7.0
Semi Ojeleye\ojelese01,56,17.0,.403,.367,.534,2.6,0.7,0.3,0.0,4.6
Jahlil Okafor\okafoja01,27,12.9,.618,.222,.627,2.4,0.5,0.2,0.2,5.4
Chuma Okeke\okekech01,45,25.2,.417,.348,.492,4.0,2.2,1.1,0.5,7.8
Josh Okogie\okogijo01,59,20.3,.402,.269,.459,2.6,1.1,0.9,0.5,5.4
Onyeka Okongwu\okongon01,50,12.0,.644,.000,.644,3.3,0.4,0.5,0.7,4.6
Isaac Okoro\okorois01,67,32.4,.420,.290,.476,3.1,1.9,0.9,0.4,9.6
KZ Okpala\okpalkz01,37,12.1,.375,.240,.438,1.8,0.5,0.3,0.3,2.5
Victor Oladipo\oladivi01,33,32.7,.408,.326,.476,4.8,4.6,1.4,0.4,19.8
Victor Oladipo\oladivi01,9,33.3,.421,.362,.503,5.7,4.2,1.7,0.2,20.0
Victor Oladipo\oladivi01,20,33.5,.407,.320,.471,4.8,5.0,1.2,0.5,21.2
Victor Oladipo\oladivi01,4,27.8,.372,.235,.419,3.5,3.5,1.8,0.5,12.0
Cameron Oliver\oliveca01,4,21.8,.576,.308,.636,5.3,1.3,0.5,1.0,10.8
Kelly Olynyk\olynyke01,70,28.5,.484,.342,.574,7.0,2.9,1.1,0.6,13.5
Kelly Olynyk\olynyke01,43,26.9,.431,.317,.533,6.1,2.1,0.9,0.6,10.0
Kelly Olynyk\olynyke01,27,31.1,.545,.392,.621,8.4,4.1,1.4,0.6,19.0
Miye Oni\onimi01,54,9.6,.354,.341,.505,1.6,0.5,0.2,0.1,1.9
Cedi Osman\osmande01,59,25.6,.374,.306,.458,3.4,2.9,0.9,0.2,10.4
Daniel Oturu\oturuda01,30,5.4,.423,.200,.433,1.6,0.3,0.1,0.2,1.8
Kelly Oubre Jr.\oubreke01,55,30.7,.439,.316,.501,6.0,1.3,1.0,0.8,15.4
Jabari Parker\parkeja01,13,12.7,.545,.182,.564,3.2,0.8,0.1,0.4,5.5
Jabari Parker\parkeja01,3,9.0,.571,.000,.571,2.0,0.3,0.0,0.3,2.7
Jabari Parker\parkeja01,10,13.8,.542,.200,.563,3.6,1.0,0.1,0.4,6.4
Eric Paschall\pascher01,40,17.4,.497,.333,.527,3.2,1.3,0.3,0.2,9.5
Anžejs Pasečņiks\pasecan01,1,6.0,.000,.000,.000,1.0,1.0,0.0,0.0,0.0
Patrick Patterson\pattepa01,38,15.3,.436,.357,.558,2.0,0.8,0.4,0.2,5.2
Justin Patton\pattoju01,13,19.0,.414,.265,.479,3.8,1.1,0.9,1.1,5.4
Chris Paul\paulch01,70,31.4,.499,.395,.557,4.5,8.9,1.4,0.3,16.4
Cameron Payne\payneca01,60,18.0,.484,.440,.576,2.4,3.6,0.6,0.3,8.4
Elfrid Payton\paytoel01,63,23.6,.432,.286,.455,3.4,3.2,0.7,0.1,10.1
Gary Payton II\paytoga02,10,4.0,.769,.500,.846,1.1,0.1,0.6,0.1,2.5
Norvel Pelle\pelleno01,13,6.5,.533,,.533,1.5,0.2,0.1,0.7,1.5
Norvel Pelle\pelleno01,3,9.3,.429,,.429,2.3,0.0,0.0,1.0,2.0
Norvel Pelle\pelleno01,1,4.0,.000,,.000,1.0,1.0,0.0,0.0,3.0
Norvel Pelle\pelleno01,9,5.8,.714,,.714,1.2,0.1,0.1,0.7,1.2
Reggie Perry\perryre01,26,8.1,.410,.190,.436,2.8,0.5,0.2,0.2,3.0
Theo Pinson\pinsoth01,17,2.0,.111,.000,.111,0.3,0.1,0.0,0.0,0.1
Mason Plumlee\plumlma01,56,26.8,.614,.000,.614,9.3,3.6,0.8,0.9,10.4
Jakob Poeltl\poeltja01,69,26.7,.616,,.616,7.9,1.9,0.7,1.8,8.6
Vincent Poirier\poirivi01,10,3.9,.250,.000,.250,1.4,0.2,0.0,0.3,0.8
Aleksej Pokusevski\pokusal01,45,24.2,.341,.280,.412,4.7,2.2,0.4,0.9,8.2
Jordan Poole\poolejo01,51,19.4,.432,.351,.535,1.8,1.9,0.5,0.2,12.0
Jontay Porter\portejo01,11,4.9,.533,.375,.633,1.3,0.1,0.3,0.1,2.0
Kevin Porter Jr.\porteke02,26,32.1,.425,.311,.493,3.8,6.3,0.7,0.3,16.6
Michael Porter Jr.\portemi01,61,31.3,.542,.445,.646,7.3,1.1,0.7,0.9,19.0
Otto Porter Jr.\porteot01,28,21.6,.432,.375,.518,5.4,2.0,0.6,0.1,9.7
Otto Porter Jr.\porteot01,25,21.6,.441,.400,.535,5.5,2.0,0.5,0.2,9.9
Otto Porter Jr.\porteot01,3,22.0,.360,.111,.380,4.7,1.7,1.3,0.0,8.0
Bobby Portis\portibo01,66,20.8,.523,.471,.585,7.1,1.1,0.8,0.4,11.4
Kristaps Porziņģis\porzikr01,43,30.9,.476,.376,.547,8.9,1.6,0.5,1.3,20.1
Dwight Powell\poweldw01,58,16.7,.619,.238,.631,4.0,1.1,0.6,0.5,5.9
Norman Powell\powelno01,69,32.0,.477,.411,.570,3.1,1.9,1.2,0.3,18.6
Norman Powell\powelno01,42,30.4,.498,.439,.602,3.0,1.8,1.1,0.2,19.6
Norman Powell\powelno01,27,34.4,.443,.361,.518,3.3,1.9,1.3,0.4,17.0
Taurean Prince\princta02,41,22.1,.401,.400,.495,3.5,1.9,0.7,0.6,9.5
Taurean Prince\princta02,12,18.2,.405,.351,.493,2.8,0.6,0.7,0.7,8.1
Taurean Prince\princta02,29,23.7,.399,.415,.496,3.7,2.4,0.7,0.5,10.1
Payton Pritchard\pritcpa01,66,19.2,.440,.411,.562,2.4,1.8,0.6,0.1,7.7
Immanuel Quickley\quickim01,64,19.4,.395,.389,.497,2.1,2.0,0.5,0.2,11.4
Jahmi'us Ramsey\ramseja01,13,7.2,.395,.263,.461,0.8,0.5,0.3,0.1,3.1
Chasson Randle\randlch01,41,20.4,.388,.338,.481,2.0,1.8,0.5,0.1,6.5
Julius Randle\randlju01,71,37.6,.456,.411,.516,10.2,6.0,0.9,0.3,24.1
Cam Reddish\reddica01,26,28.8,.365,.262,.428,4.0,1.3,1.3,0.3,11.2
J.J. Redick\redicjj01,44,16.4,.397,.371,.521,1.5,1.2,0.3,0.1,7.4
J.J. Redick\redicjj01,31,18.6,.407,.364,.526,1.7,1.3,0.3,0.1,8.7
J.J. Redick\redicjj01,13,11.3,.358,.395,.500,0.9,0.8,0.2,0.1,4.4
Paul Reed\reedpa01,26,6.8,.538,.000,.538,2.3,0.5,0.4,0.5,3.4
Naz Reid\reidna01,70,19.2,.523,.351,.576,4.6,1.0,0.5,1.1,11.2
Cameron Reynolds\reynoca01,5,8.0,.333,.250,.417,1.0,0.4,0.0,0.0,3.0
Cameron Reynolds\reynoca01,3,2.0,.500,,.500,0.0,0.0,0.0,0.0,0.7
Cameron Reynolds\reynoca01,2,17.0,.313,.250,.406,2.5,1.0,0.0,0.0,6.5
Nick Richards\richani01,18,3.5,.444,.000,.444,0.6,0.1,0.0,0.0,0.8
Josh Richardson\richajo01,59,30.3,.427,.330,.498,3.3,2.6,1.0,0.4,12.1
Grant Riller\rillegr01,7,3.9,.667,.500,.750,0.1,0.4,0.1,0.0,2.6
Austin Rivers\riverau01,36,23.5,.424,.369,.537,2.3,2.3,0.8,0.1,7.9
Austin Rivers\riverau01,21,21.0,.430,.364,.533,2.2,2.0,0.6,0.0,7.3
Austin Rivers\riverau01,15,26.9,.418,.375,.541,2.3,2.6,1.2,0.1,8.7
Andre Roberson\roberan03,5,12.6,.143,.125,.179,3.0,0.8,0.6,0.2,1.2
Duncan Robinson\robindu01,72,31.4,.439,.408,.614,3.5,1.8,0.6,0.3,13.1
Glenn Robinson III\robingl02,23,16.0,.424,.364,.505,2.0,0.9,0.2,0.1,5.3
Jerome Robinson\robinje01,17,17.9,.295,.262,.353,2.2,1.5,0.7,0.4,4.9
Justin Robinson\robinju01,9,9.8,.333,.286,.429,0.8,1.0,0.3,0.0,2.3
Mitchell Robinson\robinmi01,31,27.5,.653,,.653,8.1,0.5,1.1,1.5,8.3
Isaiah Roby\robyis01,61,23.4,.483,.294,.520,5.6,1.8,0.9,0.6,8.7
Rajon Rondo\rondora01,45,17.1,.442,.404,.526,2.4,4.4,0.8,0.1,5.4
Rajon Rondo\rondora01,27,14.9,.400,.378,.477,2.0,3.5,0.7,0.1,3.9
Rajon Rondo\rondora01,18,20.4,.486,.432,.576,3.1,5.8,1.0,0.1,7.6
Derrick Rose\rosede01,50,25.6,.470,.388,.511,2.6,4.2,1.0,0.4,14.7
Derrick Rose\rosede01,15,22.8,.429,.333,.465,1.9,4.2,1.2,0.3,14.2
Derrick Rose\rosede01,35,26.8,.487,.411,.530,2.9,4.2,0.9,0.4,14.9
Terrence Ross\rosste01,46,29.3,.412,.337,.485,3.4,2.3,1.0,0.5,15.6
Terry Rozier\roziete01,69,34.5,.450,.389,.548,4.4,4.2,1.3,0.4,20.4
Ricky Rubio\rubiori01,68,26.1,.388,.308,.454,3.3,6.4,1.4,0.1,8.6
D'Angelo Russell\russeda01,42,28.5,.431,.387,.523,2.6,5.8,1.1,0.4,19.0
Domantas Sabonis\sabondo01,62,36.0,.535,.321,.564,12.0,6.7,1.2,0.5,20.3
Luka Šamanić\samanlu01,33,9.3,.448,.279,.505,2.1,0.5,0.2,0.2,3.7
JaKarr Sampson\sampsja02,29,10.9,.496,.200,.509,2.7,0.1,0.1,0.5,4.6
Dario Šarić\saricda01,50,17.4,.447,.348,.516,3.8,1.3,0.6,0.1,8.7
Tomáš Satoranský\satorto01,58,22.5,.514,.356,.578,2.4,4.7,0.7,0.2,7.7
Dennis Schröder\schrode01,61,32.1,.437,.335,.484,3.5,5.8,1.1,0.2,15.4
Mike Scott\scottmi01,51,16.7,.360,.342,.486,2.4,0.8,0.5,0.3,4.2
Jay Scrubb\scrubja01,4,21.0,.389,.222,.417,3.5,0.3,1.0,0.0,8.8
Collin Sexton\sextoco01,60,35.3,.475,.371,.519,3.1,4.4,1.0,0.2,24.3
Landry Shamet\shamela01,61,23.0,.408,.387,.549,1.8,1.6,0.5,0.2,9.3
Iman Shumpert\shumpim01,2,5.5,.250,.000,.250,0.5,0.0,0.5,0.0,1.0
Pascal Siakam\siakapa01,56,35.8,.455,.297,.493,7.2,4.5,1.1,0.7,21.4
Chris Silva\silvach01,15,6.1,.625,1.000,.656,1.8,0.4,0.1,0.4,2.1
Chris Silva\silvach01,11,7.5,.692,1.000,.731,2.3,0.5,0.1,0.5,2.7
Chris Silva\silvach01,4,2.3,.333,,.333,0.5,0.0,0.0,0.3,0.5
Ben Simmons\simmobe01,58,32.4,.557,.300,.560,7.2,6.9,1.6,0.6,14.3
Anfernee Simons\simonan01,64,17.3,.419,.426,.569,2.2,1.4,0.3,0.1,7.8
Deividas Sirvydis\sirvyde01,20,6.7,.350,.357,.475,1.5,0.3,0.1,0.0,2.1
Alen Smailagić\smailal01,15,5.6,.407,.400,.481,1.1,0.3,0.2,0.3,1.9
Marcus Smart\smartma01,48,32.9,.398,.330,.489,3.5,5.7,1.5,0.5,13.1
Dennis Smith Jr.\smithde03,23,18.3,.400,.328,.466,2.4,3.3,1.0,0.6,6.7
Dennis Smith Jr.\smithde03,3,9.3,.200,.000,.200,0.7,1.0,1.0,0.0,3.0
Dennis Smith Jr.\smithde03,20,19.6,.415,.352,.485,2.7,3.7,1.0,0.7,7.3
Ish Smith\smithis01,44,21.0,.434,.367,.465,3.4,3.9,0.7,0.3,6.7
Jalen Smith\smithja04,27,5.8,.440,.235,.480,1.4,0.1,0.0,0.2,2.0
Tony Snell\snellto01,47,21.1,.515,.569,.696,2.4,1.3,0.3,0.2,5.3
Ray Spalding\spaldra01,2,9.5,.500,.000,.500,2.0,0.0,0.0,1.0,2.0
Cassius Stanley\stanlca01,24,3.9,.302,.231,.337,0.8,0.0,0.0,0.1,1.5
Lamar Stevens\stevela01,40,12.5,.456,.160,.471,2.4,0.6,0.4,0.3,4.1
Isaiah Stewart\stewais01,68,21.4,.553,.333,.578,6.7,0.9,0.6,1.3,7.9
Max Strus\strusma01,39,13.0,.455,.338,.588,1.1,0.6,0.3,0.1,6.1
Edmond Sumner\sumneed01,53,16.2,.525,.398,.587,1.8,0.9,0.6,0.2,7.5
Jae'Sean Tate\tateja01,70,29.2,.506,.308,.554,5.3,2.5,1.2,0.5,11.3
Jayson Tatum\tatumja01,64,35.8,.459,.386,.530,7.4,4.3,1.2,0.5,26.4
Jeff Teague\teaguje01,55,17.3,.433,.439,.496,1.6,2.4,0.6,0.2,6.7
Jeff Teague\teaguje01,34,18.1,.415,.464,.484,1.7,2.1,0.8,0.2,6.9
Jeff Teague\teaguje01,21,15.9,.469,.385,.521,1.5,2.8,0.4,0.2,6.6
Garrett Temple\templga01,56,27.3,.415,.335,.503,2.9,2.2,0.8,0.5,7.6
Tyrell Terry\terryty01,11,5.1,.313,.000,.313,0.5,0.5,0.5,0.0,1.0
Daniel Theis\theisda01,65,24.6,.541,.322,.593,5.5,1.7,0.6,0.9,9.6
Daniel Theis\theisda01,42,24.5,.552,.347,.609,5.2,1.6,0.6,1.0,9.5
Daniel Theis\theisda01,23,25.0,.522,.281,.567,5.9,1.8,0.7,0.6,10.0
Brodric Thomas\thomabr01,32,12.5,.361,.271,.435,1.7,0.9,0.5,0.3,3.9
Brodric Thomas\thomabr01,4,6.0,.286,.167,.357,1.0,1.0,0.3,0.3,2.5
Brodric Thomas\thomabr01,28,13.4,.366,.283,.441,1.8,0.9,0.5,0.3,4.1
Isaiah Thomas\thomais02,3,16.0,.333,.250,.389,1.3,1.7,0.3,0.0,7.7
Khyri Thomas\thomakh01,5,30.6,.485,.333,.553,3.6,5.0,1.8,1.2,16.4
Matt Thomas\thomama02,45,7.2,.394,.338,.500,1.0,0.4,0.1,0.0,3.1
Matt Thomas\thomama02,26,7.4,.387,.415,.524,0.8,0.3,0.1,0.0,2.7
Matt Thomas\thomama02,19,7.1,.400,.256,.477,1.2,0.5,0.1,0.0,3.6
Tristan Thompson\thomptr01,54,23.8,.518,.000,.518,8.1,1.2,0.4,0.6,7.6
Sindarius Thornwell\thornsi01,21,10.3,.326,.304,.402,0.9,1.0,0.6,0.1,2.0
Sindarius Thornwell\thornsi01,14,5.2,.333,.333,.405,0.4,0.3,0.4,0.1,1.2
Sindarius Thornwell\thornsi01,7,20.6,.320,.286,.400,1.9,2.4,1.1,0.1,3.4
Matisse Thybulle\thybuma01,65,20.0,.420,.301,.508,1.9,1.0,1.6,1.1,3.9
Killian Tillie\tilliki02,18,10.1,.333,.303,.421,1.3,0.4,0.3,0.4,3.2
Xavier Tillman Sr.\tillmxa01,59,18.4,.559,.338,.595,4.3,1.3,0.7,0.6,6.6
Anthony Tolliver\tollian01,11,9.0,.235,.286,.353,0.9,0.2,0.3,0.2,1.5
Obi Toppin\toppiob01,62,11.0,.498,.306,.560,2.2,0.5,0.3,0.2,4.1
Juan Toscano-Anderson\toscaju01,53,20.9,.579,.402,.667,4.4,2.8,0.8,0.5,5.7
Axel Toupane\toupaax01,8,7.6,.364,.500,.409,0.8,0.5,0.3,0.4,1.8
Karl-Anthony Towns\townska01,50,33.8,.486,.387,.555,10.6,4.5,0.8,1.1,24.8
Gary Trent Jr.\trentga02,58,31.1,.408,.385,.513,2.6,1.4,1.0,0.2,15.3
Gary Trent Jr.\trentga02,41,30.8,.414,.397,.530,2.2,1.4,0.9,0.1,15.0
Gary Trent Jr.\trentga02,17,31.8,.395,.355,.479,3.6,1.3,1.1,0.2,16.2
P.J. Tucker\tuckepj01,52,26.1,.373,.336,.486,3.9,1.2,0.8,0.4,3.7
P.J. Tucker\tuckepj01,32,30.0,.366,.314,.469,4.6,1.4,0.9,0.6,4.4
P.J. Tucker\tuckepj01,20,19.9,.391,.394,.533,2.8,0.8,0.5,0.1,2.6
Rayjon Tucker\tuckera01,14,4.9,.500,.286,.556,0.8,0.4,0.1,0.0,2.4
Myles Turner\turnemy01,47,31.0,.477,.335,.557,6.5,1.0,0.9,3.4,12.6
Jonas Valančiūnas\valanjo01,62,28.3,.592,.368,.606,12.5,1.8,0.6,0.9,17.1
Denzel Valentine\valende01,62,16.7,.373,.331,.469,3.2,1.7,0.5,0.1,6.5
Jarred Vanderbilt\vandeja01,64,17.8,.606,.200,.608,5.8,1.2,1.0,0.7,5.4
Fred VanVleet\vanvlfr01,52,36.5,.389,.366,.489,4.2,6.3,1.7,0.7,19.6
Anderson Varejão\varejan01,5,7.2,.250,.000,.250,4.0,0.6,0.0,0.4,2.6
Devin Vassell\vassede01,62,17.0,.406,.347,.492,2.8,0.9,0.7,0.3,5.5
Gabe Vincent\vincega01,50,13.1,.378,.309,.476,1.1,1.3,0.4,0.0,4.8
Noah Vonleh\vonleno01,4,2.8,.000,.000,.000,0.3,0.3,0.0,0.0,0.0
Nikola Vučević\vucevni01,70,33.5,.477,.400,.540,11.7,3.8,0.9,0.7,23.4
Nikola Vučević\vucevni01,44,34.1,.480,.406,.545,11.8,3.8,1.0,0.6,24.5
Nikola Vučević\vucevni01,26,32.6,.471,.388,.532,11.5,3.9,0.9,0.8,21.5
Dean Wade\wadede01,63,19.2,.431,.366,.556,3.4,1.2,0.6,0.3,6.0
Moritz Wagner\wagnemo01,45,16.0,.454,.341,.522,3.2,1.1,0.6,0.4,6.9
Moritz Wagner\wagnemo01,25,15.0,.508,.310,.561,2.9,1.3,0.9,0.3,7.1
Moritz Wagner\wagnemo01,9,6.8,.286,.333,.357,2.1,0.7,0.0,0.1,1.2
Moritz Wagner\wagnemo01,11,26.0,.409,.372,.495,4.9,1.1,0.4,0.8,11.0
Kemba Walker\walkeke02,43,31.8,.420,.360,.514,4.0,4.9,1.1,0.3,19.3
Lonnie Walker IV\walkelo01,60,25.4,.420,.355,.502,2.6,1.7,0.5,0.3,11.2
John Wall\walljo01,40,32.2,.404,.317,.458,3.2,6.9,1.1,0.8,20.6
Brad Wanamaker\wanambr01,61,17.3,.385,.188,.411,1.7,2.9,0.7,0.2,5.5
Brad Wanamaker\wanambr01,39,16.0,.353,.213,.390,1.7,2.5,0.7,0.2,4.7
Brad Wanamaker\wanambr01,22,19.5,.429,.125,.440,1.8,3.4,0.8,0.2,6.9
T.J. Warren\warretj01,4,29.3,.529,.000,.529,3.5,1.3,0.5,0.0,15.5
P.J. Washington\washipj01,64,30.5,.440,.386,.522,6.5,2.5,1.1,1.2,12.9
Yuta Watanabe\watanyu01,50,14.5,.439,.400,.539,3.2,0.8,0.5,0.4,4.4
Tremont Waters\watertr01,26,9.2,.405,.395,.494,0.8,2.4,0.6,0.0,3.8
Paul Watson\watsopa01,27,11.0,.463,.469,.646,1.7,0.6,0.2,0.1,4.1
Quinndary Weatherspoon\weathqu01,20,6.1,.457,.167,.471,0.6,0.4,0.4,0.1,2.3
Russell Westbrook\westbru01,65,36.4,.439,.315,.474,11.5,11.7,1.4,0.4,22.2
Coby White\whiteco01,69,31.2,.416,.359,.506,4.1,4.8,0.6,0.2,15.1
Derrick White\whitede01,36,29.6,.411,.346,.503,3.0,3.5,0.7,1.0,15.4
Hassan Whiteside\whiteha01,36,15.2,.563,.000,.563,6.0,0.6,0.3,1.3,8.1
Greg Whittington\whittgr01,4,3.0,.000,.000,.000,0.0,0.0,0.0,0.0,0.0
Andrew Wiggins\wiggian01,71,33.3,.477,.380,.543,4.9,2.4,0.9,1.0,18.6
Grant Williams\willigr01,63,18.1,.437,.372,.534,2.8,1.0,0.5,0.4,4.7
Kenrich Williams\willike04,66,21.6,.533,.444,.596,4.1,2.3,0.8,0.3,8.0
Lou Williams\willilo02,66,21.6,.410,.399,.464,2.1,3.4,0.7,0.1,11.3
Lou Williams\willilo02,42,21.9,.421,.378,.473,2.1,3.4,0.9,0.1,12.1
Lou Williams\willilo02,24,21.0,.389,.444,.444,2.1,3.4,0.3,0.1,10.0
Patrick Williams\willipa01,71,27.9,.483,.391,.534,4.6,1.4,0.9,0.6,9.2
Robert Williams\williro04,52,18.9,.721,.000,.721,6.9,1.8,0.8,1.8,8.0
Zion Williamson\willizi01,61,33.2,.611,.294,.616,7.2,3.7,0.9,0.6,27.0
D.J. Wilson\wilsodj01,35,12.4,.405,.345,.494,3.2,0.7,0.3,0.5,5.2
D.J. Wilson\wilsodj01,12,8.8,.372,.357,.488,2.1,0.3,0.1,0.3,3.6
D.J. Wilson\wilsodj01,23,14.3,.416,.339,.496,3.8,0.9,0.4,0.5,6.1
Dylan Windler\windldy01,31,16.5,.438,.338,.538,3.5,1.1,0.6,0.4,5.2
Justise Winslow\winslju01,26,19.5,.352,.185,.376,4.5,1.9,0.6,0.5,6.8
Cassius Winston\winstca01,22,4.5,.424,.471,.545,0.4,0.5,0.1,0.0,1.9
James Wiseman\wisemja01,39,21.4,.519,.316,.535,5.8,0.7,0.3,0.9,11.5
Christian Wood\woodch01,41,32.3,.514,.374,.574,9.6,1.7,0.8,1.2,21.0
Robert Woodard II\woodaro01,13,3.5,.400,.167,.425,1.2,0.2,0.0,0.2,1.5
Delon Wright\wrighde01,63,27.7,.463,.372,.525,4.3,4.4,1.6,0.5,10.2
Delon Wright\wrighde01,36,29.2,.464,.348,.517,4.6,5.0,1.6,0.5,10.4
Delon Wright\wrighde01,27,25.8,.462,.398,.536,3.9,3.6,1.6,0.4,10.0
Thaddeus Young\youngth01,68,24.3,.559,.267,.568,6.2,4.3,1.1,0.6,12.1
Trae Young\youngtr01,63,33.7,.438,.343,.499,3.9,9.4,0.8,0.2,25.3
Cody Zeller\zelleco01,48,20.9,.559,.143,.565,6.8,1.8,0.6,0.4,9.4
Ivica Zubac\zubaciv01,72,22.3,.652,.250,.654,7.2,1.3,0.3,0.9,9.0